subject,session,scan,bg_mean,bg_size,bg_std,cnr,csf_mean,csf_size,csf_std,efc,fber,fg_mean,fg_size,fg_std,fwhm,fwhm_x,fwhm_y,fwhm_z,gm_mean,gm_size,gm_std,qi1,snr,wm_mean,wm_size,wm_std
SPN01_CMH_0001,01,SPN01_CMH_0001_01_01_T1_02_SagT1-BRAVO,162.5461159965447,4975562,61.817976642130482,12.512416510615852,1042.8942261282277,298344,295.02389024654354,0.63199630362093118,60.049431387193067,1007.7376096919219,8131638,894.71896411876116,4.3013770458480716,3.9405223266104148,4.3183325495588001,4.6768588150180088,1735.084459676528,778182,253.69623622985588,0.26585700268632972,16.301691909552467,2508.5767312663866,654492,263.50392728588486
SPN01_CMH_0002,01,SPN01_CMH_0002_01_01_T1_02_SagT1-BRAVO,609.4827945823863,4879713,712.03021930731416,1.0913132408868886,1232.0297892808821,422031,332.05089549350828,0.67694375481808233,4.1018286086851399,1401.1294198337839,8227487,1280.6691010162363,4.5248975842526997,4.2289667786960283,4.4112866893554425,4.9662288033180095,1923.3719187155896,822790,278.71867833275138,0.56711613982215758,1.9677948798252518,2700.4199249572566,820599,330.43839085009245
SPN01_CMH_0003,01,SPN01_CMH_0003_01_01_T1_02_SagT1-BRAVO,174.99338969753742,4966036,64.814287362530848,12.711899177036312,1122.7610630939707,362602,411.58916881869283,0.64374429506800146,86.054937913100616,1339.5741438202203,8141164,1096.4862312158693,3.8916802405475175,3.6066000955422743,3.8651268549162321,4.2281277418816376,1830.4360861831369,898366,273.85860344731367,0.33167318964260428,20.667883553628769,2654.3487723670878,794415,301.18161626747423
SPN01_CMH_0004,01,SPN01_CMH_0004_01_01_T1_02_SagT1-BRAVO,178.65605660353839,5214515,149.4294297050933,5.6110498101941033,1014.8126999731879,335670,300.38280613810883,0.6335807673521594,35.587922662554625,1048.5307214211641,7892685,911.66130692442334,4.5359106401936033,4.1610667768972922,4.5282390479763652,4.9529162477921105,1715.7967519895301,889406,253.51543740126701,0.32975032193789833,7.0168956910997631,2554.2527251737069,697295,261.34133739787143
SPN01_CMH_0005,01,SPN01_CMH_0005_01_01_T1_02_SagT1-BRAVO,148.08666973779381,4691003,76.773266219493493,10.145709500322299,1072.9332712316202,348890,282.11742847849706,0.59128459250165466,66.143765762510583,944.32890532386534,8416197,973.96796867664534,4.8943355517248373,4.5179001196834809,4.7964603276649873,5.4103516841569546,1764.5242097358998,753767,236.92228516742981,0.35079384941770447,12.300230950498376,2543.4434661897881,612315,256.37532477935486
SPN01_CMH_0007,01,SPN01_CMH_0007_01_01_T1_02_SagT1-BRAVO,159.84858014554129,5284274,136.46261544629149,6.0570110783644706,997.52016913204636,295154,269.50705610258979,0.59620910421506246,46.580033464241517,1031.2537619555649,7822926,997.05770105042848,4.7726579700262457,4.3868556717675444,4.6954362858982135,5.2777826738614193,1635.2401556035927,874787,244.86437142883725,0.32643935571849603,7.5570423341434658,2461.7957291443709,644742,288.00089207496228
SPN01_CMH_0008,01,SPN01_CMH_0008_01_01_T1_02_SagT1-BRAVO,170.01356141642609,5226224,119.49758433959495,6.1333624621560707,893.0235566851602,331286,284.45910745134478,0.63462704531086944,36.77199853142907,945.82260280960122,7880976,832.70163286136108,4.2855360441714581,3.8970223254580585,4.300767990512087,4.6960818780558249,1581.6910455220132,802403,236.42001133908872,0.28903697966256325,7.9149934957823866,2314.613043628814,664217,250.06832589840587
SPN01_CMH_0009,01,SPN01_CMH_0009_01_01_T1_24_SagT1-BRAVO-Rpt,187.99579670631701,5621306,186.62624139201688,4.307249973328191,1064.2618979011982,298456,313.28758360738516,0.60715040856878399,32.694828941855896,1114.092634894376,7485894,1026.183059648163,4.6542620565120636,4.2956890026857852,4.6005898932258162,5.1015916693300998,1835.4419128404925,669141,297.01373112149656,0.37307291223783229,5.9696462115109199,2639.2877860985977,621333,298.76367661331813
SPN01_CMH_0009,01,SPN01_CMH_0009_01_01_T1_02_SagT1-BRAVO,248.05307913963776,4789471,246.75917695182181,3.1798448974806082,1033.7950539670128,388756,295.39417737505573,0.64006376599588832,15.812580862174364,1012.2227773951279,8317729,954.56155971372471,5.0286837099049349,4.5380223424387598,5.0900600576872641,5.5052203386278897,1751.2066006116754,627457,275.92697693669555,0.51163896806139963,4.1020674079844177,2535.8625103484405,641401,298.72018622109812
SPN01_CMH_0011,01,SPN01_CMH_0011_01_01_T1_02_SagT1BRAVO-09mm,148.51311077049752,5200419,65.847603501393962,12.136835995969472,961.31737058174906,278419,277.44593771578957,0.59630854803204936,64.004494026215099,926.0643039183708,7906781,911.92917744573833,4.542930072818562,4.1816223329973834,4.4993766261714674,4.9832368174012656,1642.767261665249,785324,238.53135509488982,0.30572786538930807,14.063751065728102,2441.9488260892927,595616,232.95764577146937
SPN01_CMH_0012,01,SPN01_CMH_0012_01_01_T1_02_SagT1Bravo-09mm,182.52984590154045,5204919,196.05046892317355,3.8384003610199349,1037.1690481877999,276294,276.15063908465635,0.61178051623817387,31.590707416811384,1103.5760758191211,7902281,1024.1316293109244,4.7055339502813833,4.3617890044368375,4.5720725292982634,5.2245435826570921,1693.6292945871323,728708,236.05056241636109,0.27553589210514129,5.6290407356871981,2446.1494852799692,623640,232.28417238594389
SPN01_CMH_0013,01,SPN01_CMH_0013_01_01_T1_02_SagT1-BRAVO,198.08383252949071,4841951,224.75182467659931,3.1495893895108629,1109.4756408351288,269180,301.8032544930918,0.60180495512963272,28.193508936391474,1126.6384641285458,8265249,1122.9735605275553,5.2523711127935142,4.7820667933481751,5.208114375335831,5.817976346292367,1827.0499200313147,654006,237.30220118847419,0.33605131485221557,5.0128112007530632,2534.9258823059376,575679,248.81355968373654
SPN01_CMH_0014,01,SPN01_CMH_0014_01_01_T1_02_SagT1-BRAVO,149.10676574654934,4451896,74.386167030119168,10.424939994447229,1055.8087532217455,302243,288.01712051203396,0.60626211272325925,58.122123353958621,894.46336616252881,8655304,902.08741736092111,5.0534019021278525,4.6644779013442434,4.8946237283195906,5.6523596960667373,1752.4938465352768,770379,271.04483729031551,0.30797799409510018,12.024592768711393,2527.9651742411979,667236,292.35607121954507
SPN01_CMH_0015,01,SPN01_CMH_0015_01_01_T1_02_SagT1-BRAVO,327.31805372033983,4782211,441.60498207772764,1.8571366812255889,1126.7927056435556,389205,322.57926599017867,0.65276802787806365,9.7815096298961937,1287.2886750961472,8324989,1139.4696097964745,4.377022278573472,4.0201334398305004,4.2647595313763977,4.8910395787549259,1845.5762369018835,984779,274.73485227402568,0.38723218193425596,2.915022989640025,2665.6970477304003,840743,294.40140606492798
SPN01_CMH_0016,01,SPN01_CMH_0016_01_01_T1_02_SagT1-BRAVO,150.86809957947125,4601350,63.89307973636901,13.932265492865664,1019.3926323978959,290488,304.68155733763427,0.60565723183242814,62.984853425420198,920.45503294791229,8505850,918.42096135513918,4.5554560334139742,4.2642890018539692,4.5272483979414107,4.8968276463748808,1745.7059670789188,846327,258.94710922741967,0.28398730807263084,14.406177269053661,2635.8813171228471,640244,267.21683347924545
SPN01_CMH_0017,01,SPN01_CMH_0017_01_01_T1_02_SagT1-BRAVO,153.14243199025242,4796261,73.437757181819961,11.093303526227887,965.88964664244907,320978,280.37791783052222,0.6112369203642174,52.92978993603063,883.14665045670529,8310939,864.20444562662419,4.6053373898170182,4.1974445556387519,4.5902270260062412,5.0694901558378813,1651.2204557384994,792472,228.20954158420108,0.38520630966496611,12.025784614720431,2465.88778644185,598769,255.25968562467466
SPN01_CMH_0020,01,SPN01_CMH_0020_01_01_T1_02_SagT1-BRAVO,184.67181949194361,4887804,199.20818792897305,3.8161024029708357,989.94667181980299,294966,288.81308414456259,0.59926044634391917,28.594369361309088,1023.1230468759505,8219396,1031.0812442370338,4.8375237570882756,4.4531556735238942,4.7689113519738502,5.3306767071884043,1673.8687397188671,780556,250.99108094147178,0.34334171337475888,5.1359487655233398,2434.067584366087,633904,279.48024623831532
SPN01_CMH_0021,01,SPN01_CMH_0021_01_01_T1_02_SagT1-BRAVO,248.12716780255613,5126966,304.63155531566764,2.5679604432833694,968.60886678896725,310710,274.95548008610041,0.6387922290809005,14.940102051876773,1133.6660292166871,7980234,1010.4786168446726,4.4696543157652968,4.0520001073413452,4.4156054782718712,4.9906945199115942,1637.8439048239106,826342,234.32070997320548,0.43922467985939445,3.7214333493519769,2420.1256886504348,659805,258.8989550224909
SPN01_CMH_0023,01,SPN01_CMH_0023_01_01_T1_02_SagT1BRAVO-09mm,151.71641516037275,4586035,83.004743025486349,9.5128099435843332,924.48134686786796,293570,282.41084493431777,0.605138789835727,52.164360137578683,878.9256702575293,8521165,887.47029397331653,4.6791916104146543,4.3149334476400334,4.5681767145540624,5.1975177592316051,1626.7286968666278,753246,242.35534554227013,0.29201608797141759,10.588860807480097,2416.3370416841367,639188,246.43866494070201
SPN01_CMH_0024,01,SPN01_CMH_0024_01_01_T1_02_SagT1BRAVO-09mm,209.99767121948739,4286793,229.39415776818311,3.2715603738609733,1042.2985599740728,320897,307.83292173050393,0.6568740866664996,21.388494771082364,1083.835326533118,8820407,945.52157184234738,4.3520704760730196,3.9212445483219502,4.3738868678111107,4.8061330791298751,1781.8954491279051,766029,231.78497877618094,0.34715088878795874,4.7247730154854253,2532.3722856775053,683596,231.25138056585396
SPN01_CMH_0025,01,SPN01_CMH_0025_01_01_T1_02_SagT1Bravo-09mm,208.10610923279393,4964846,236.67730850744272,3.5164751194421764,975.83820731004391,379943,270.09741815620828,0.63827693623231097,19.849467903576659,1049.0416803297917,8142354,933.29843133768179,4.6836524542856672,4.1890667776390389,4.6050979074298208,5.3259460749990168,1626.0049370347695,970218,244.45975417793647,0.35735831483997693,4.4323711763724187,2458.2748037377319,765812,262.13762419795302
SPN01_CMH_0026,01,SPN01_CMH_0026_01_01_T1_02_SagT1Bravo-09mm,150.15016429100334,4840192,77.234344237878531,10.038098608498412,1138.0671088510576,271380,296.73997567555335,0.58914995400241954,72.119485933817572,1004.0235486647648,8267008,1023.7572254024694,4.9749088488763187,4.5852334548005382,4.9770257756090812,5.3954251482370283,1818.4112811379689,736681,234.58200773364305,0.32909541604961123,12.999703157605826,2593.6972445605047,606582,241.5993518543853
SPN01_CMH_0027,01,SPN01_CMH_0027_01_01_T1_02_SagT1Bravo-09mm,191.86345097058236,4629231,193.35067775011692,3.6501374309554104,1024.2497018495667,290122,288.63461855057892,0.63809833752444922,28.513614253504784,1081.5838496224744,8477969,972.50929617365205,4.7430228376761763,4.1919001110474294,4.7951246197526904,5.3082813378588805,1709.7216049644592,683579,210.41837470778614,0.3833530882343093,5.593897379663157,2415.4781511207584,571265,214.2189017447005
SPN01_CMH_0029,01,SPN01_CMH_0029_01_01_T1_02_SagT1Bravo-09mm,543.42094955925029,5629159,662.1544918808379,1.1570119569510224,1126.0989436344194,383390,317.87638455566503,0.65679821535304028,5.2994310437005625,1453.9223938461957,7478041,1332.1385026683824,4.9647189910562508,4.649411234278447,4.6543076130987178,5.654997719193525,1826.6432463181056,799860,267.33097173938296,0.50878044127017907,2.1957449683930337,2592.7639107730638,727314,296.08162900584995
SPN01_CMH_0030,01,SPN01_CMH_0030_01_01_T1_02_SagT1Bravo-09mm,172.1926986754932,4755959,145.68066111644691,5.6959087705651887,991.06550140677746,281139,281.38700316566474,0.62361700530786968,37.115823692632262,1005.2757021381613,8351241,936.81412259516924,4.5263326188146964,4.1395223318821142,4.6124776936452649,4.8568454562001069,1689.7330143837155,774626,233.71594009542181,0.33833092337423432,6.9005432459879783,2519.5167697386205,610415,243.54612029994036
SPN01_CMH_0031,01,SPN01_CMH_0031_01_01_T1_02_SagT1Bravo-09mm,155.60777557803422,4128259,75.308695851898477,9.9558381827794413,881.3077303297199,323699,287.61517611471174,0.63112678113549914,44.342656176891488,826.45468134827922,8978941,801.34943017617752,4.4023856801343415,4.0105223284647815,4.5088044978524344,4.7184661164860779,1550.6215368697622,784803,230.78034407399977,0.32939406175823754,10.974226442236882,2300.3827265274167,623291,254.00755661504209
SPN01_CMH_0034,01,SPN01_CMH_0034_01_01_T1_02_SagT1Bravo-09mm,171.9421701754919,4673834,163.98344350576639,4.5727514590845937,992.87795798896866,286639,282.40042629226451,0.59957462116404414,33.569010842056166,963.36368811693933,8433366,983.39111165945474,4.8623086951047751,4.476811229706108,4.7561887341092159,5.3988312034133878,1679.3708501046644,712277,233.03704187923077,0.37379397727861108,5.8747619120650016,2429.2263806613737,619196,229.48397824043064
SPN01_CMH_P001,01,SPN01_CMH_P001_01_01_T1_02_SagT1-BRAVO,211.34377422343027,4894538,218.47639499816546,3.6007316192592791,1048.9881204834687,390925,327.43274434927037,0.63717640868960979,24.346287022737432,1118.8579836842184,8212662,998.85333967184999,4.5219385207372644,4.2052334447339756,4.4373218627459758,4.9552426057393619,1844.4457628658795,946418,281.18412170273291,0.32758740457219865,5.1211847563376969,2631.1206263975537,817947,309.58854847162587
SPN01_CMH_P002,01,SPN01_CMH_P002_01_01_T1_02_SagT1-BRAVO,180.71245161841006,5014304,161.64969136820037,4.664122178123467,1119.6417908637445,329785,321.45443312409765,0.62401093011726838,41.403497185434858,1161.6643492020655,8092896,1041.4166422936976,4.216921368369948,3.9184778815819921,4.1832813487262461,4.5745881125330907,1883.9700883428629,776520,226.96844460834816,0.30765067295481086,7.1863072510052897,2637.9239989400999,641570,235.40454185665178
SPN01_CMH_P003,01,SPN01_CMH_P003_01_01_T1_02_SagT1-BRAVO,203.25296490900655,5738709,208.60398756573741,3.5984309628247617,1074.6768163514305,357351,318.80631344418498,0.62706554768560807,29.700057698448017,1212.8504255484604,7368491,1023.9004739183454,4.0737071439424772,3.7452445436595423,4.0764915011380545,4.4279385146620855,1822.9782903663502,780483,270.61244011110142,0.37569895946980408,5.814128673672907,2573.6253381916113,724811,281.78333977775952
SPN01_MRC_0001,01,SPN01_MRC_0001_01_01_T1_04_MPRAGE-TI-900-Buchanan,74.433483370373693,8797161,68.329365816914262,0.99832885754879686,158.13299096057716,460317,54.124429169560777,0.61839404558670719,8.503642847306665,201.84047416143076,6931479,214.65368416168843,4.7092906875784379,4.6259267979341381,4.5439669101540545,4.9685818948458396,217.01722613642369,700157,54.780798789782757,0.37053976845484582,2.9539345455401129,285.23240384945751,902257,76.636727151830485
SPN01_MRC_0001,01,SPN01_MRC_0001_01_01_T1_02_MPRAGE-TI-900-Buchanan,102.62700201761355,9281262,71.871459155206566,0.94729205242226178,156.07632864652197,496144,53.80009996273332,0.686775547256809,5.8926907415806973,216.52895052841635,6447378,213.58264519644425,4.6025895110579267,4.4771162544901992,4.3855919431253145,4.9657102424814141,221.90858262175988,736162,53.410514859661703,0.47959684792865453,3.0127251216762083,289.99184467547826,940122,75.456438905054469
SPN01_MRC_0001,01,SPN01_MRC_0001_01_01_T1_03_MPRAGE-TI-900-Buchanan,79.412578389328274,8909376,68.160473368012632,0.99124989762464211,157.35438429983023,474135,53.388807502607342,0.63303158926690917,8.0162646496799272,205.05646210500137,6819264,213.88699256624156,4.6582093903951405,4.5962491333676656,4.4470542080724442,4.9451523280740712,217.77820820822211,719693,54.091718156581273,0.457955865820457,3.0084365904834418,285.34227045631178,900700,76.227392019946166
SPN01_MRC_0001,01,SPN01_MRC_0001_01_01_T1_14_MPRAGE-TI-900-Buchanan,74.049519524028383,8298646,71.664553664790034,0.96226304680274899,155.97147419660359,454010,51.785048450707691,0.61435778968991506,7.6926320097697038,193.23204150635922,7429994,210.59561367333839,5.0258929095740026,4.8568097220551438,4.9371718058054919,5.2943140903687915,215.74157655561524,724199,51.973175086532009,0.50086182733906226,2.6963405424974729,284.70172831285521,913087,70.847155931922188
SPN01_MRC_0002,01,SPN01_MRC_0002_01_01_T1_04_MPRAGE-TI-900-Buchanan,65.863620636862436,8243036,67.711664757059765,1.1201000207516008,167.81887839044799,361641,70.772613393387161,0.55837861018868762,10.989105907810691,195.85679058096048,7485604,244.32490549573552,5.0281196273018631,5.1584391150176394,5.1279690511017479,4.8056653913043474,227.50513601380246,651478,59.69540741610205,0.32890357387739177,2.8925118188079999,303.34897311331054,861244,83.862637285690511
SPN01_MRC_0002,01,SPN01_MRC_0002_01_01_T1_12_MPRAGE-TI-900-Buchanan,71.313855774393303,8643999,73.528219598824379,1.0751622809537758,178.32382427950017,375642,80.617632289342353,0.55858266869505135,11.114719696820442,215.48746266748026,7084641,264.91794776081576,4.9872449301896298,5.1554349917404316,5.01064347826087,4.8020146086956519,235.51439133362999,665192,66.953087442120292,0.39488632518351752,2.9306770086804281,314.56915963197213,848414,96.629243051084146
SPN01_MRC_0002,01,SPN01_MRC_0002_01_01_T1_02_MPRAGE-TI-900-Buchanan,66.302250551702059,8250377,68.455758932322439,1.1103884825106021,169.13489677234185,358867,71.439208602751776,0.5570556670019905,11.015876343729479,197.45338710339553,7478263,247.10387812052036,5.0037358495660191,5.1341724734219847,5.1065986177369078,4.7783846956521741,230.28690601657038,649955,60.478130601839929,0.33562732951476038,2.8843940989479684,306.29939229654349,861769,83.946479292090316
SPN01_MRC_0002,01,SPN01_MRC_0002_01_01_T1_03_MPRAGE-TI-900-Buchanan,66.638287384195934,8268708,68.702741377034769,1.1069407894519327,169.69877464213576,364873,73.661344648220862,0.55780565516290959,10.819674387417983,196.44224947358771,7459932,246.02141953065907,5.0475198592230832,5.1728946556384949,5.1676601789033194,4.8106740869565217,228.74395384990785,651613,60.126866878647718,0.38496050410777599,2.8593072930748051,304.79382062731469,863777,84.26618620539098
SPN01_MRC_0004,01,SPN01_MRC_0004_01_01_T1_03_MPRAGE-TI-900-Buchanan,67.681932315059996,8992281,69.29201952420479,0.96131878888036248,141.63015818157649,376150,45.263106351444485,0.5607602801318079,12.423972833036068,221.04038873225136,6736359,260.20318003869181,5.56233271715519,5.4177338474178747,5.4046497391304351,5.87741495652174,208.78237933117268,697011,49.87583625597162,0.36678635821100342,3.1899833523402861,275.39409961925566,735139,69.83189083194128
SPN01_MRC_0004,01,SPN01_MRC_0004_01_01_T1_02_MPRAGE-TI-900-Buchanan,67.6872958144412,9050285,69.418095074501181,0.9590029781685061,141.10493887017938,381565,45.253477191353412,0.56089294405901335,12.499211045092741,222.46568279164555,6678355,260.78176932781577,5.6844630911360436,5.4789784232789218,5.5530852173913043,6.0371923478260863,208.0885263015559,687773,49.31802147911764,0.41702277884066635,3.2047218027646824,274.66068621678704,740524,69.101396083285408
SPN01_MRC_0004,01,SPN01_MRC_0004_01_01_T1_04_MPRAGE-TI-900-Buchanan,67.563565535811094,8951541,69.172079619387176,0.95510442017515129,140.77863687964066,368214,45.428563792163558,0.56107400832747023,12.334190250843525,219.66968580509152,6777099,258.96935235238311,5.5771053864917937,5.4336561038055526,5.4199763478260872,5.8902928695652177,207.49968074366592,695366,50.037960860690774,0.41504462751162063,3.1756987358744047,273.56623974085011,734710,69.810827272903325
SPN01_MRC_0005,01,SPN01_MRC_0005_01_01_T1_06_MPRAGE-TI-900-Buchanan,44.97868245535274,7450905,40.05776278756133,1.8382297267945045,144.45895338083528,380616,49.612172890643691,0.60815891691435919,13.311860542988169,151.51650940746472,8277735,159.16741834131918,4.6022008097967664,4.5060832898631844,4.6205885217391298,4.6816612173913041,209.82399829760359,728385,50.34868239296766,0.24832110998596815,3.7824506129062549,283.45936864258152,855300,72.000706726145836
SPN01_MRC_0005,01,SPN01_MRC_0005_01_01_T1_05_MPRAGE-TI-900-Buchanan,44.511804287299391,7478554,39.241067837974278,1.8597644171549796,143.09626971715264,377907,48.888908199685375,0.60783773097272908,13.60233688826712,150.9915105127389,8250086,158.42221267908033,4.5295386380958389,4.457182747729088,4.511933217391304,4.6210226086956521,209.26574021321122,730168,50.176712654888675,0.24069051316604786,3.8477931114459056,282.24488186944046,852362,71.059047333378601
SPN01_MRC_0005,01,SPN01_MRC_0005_01_01_T1_04_MPRAGE-TI-900-Buchanan,44.48559774875897,7463972,39.469229490538204,1.8550254234900863,143.04757968734953,373836,48.363123750115889,0.60673350657524272,13.585383756698219,150.95196056272314,8264668,158.94066389699199,4.5656583673537865,4.4851163907477458,4.5581245217391304,4.655315478260869,209.30328647781641,728196,50.294002311496826,0.2355106637591888,3.8245479456068487,282.51971062832945,852053,71.438857797272803
SPN01_MRC_0006,01,SPN01_MRC_0006_01_01_T1_02_MPRAGE-TI-900-Buchanan,49.179957976900461,9341053,42.799310632767209,1.8545091885949005,144.76451632856256,501177,76.185173950241818,0.60980863404148111,15.021446993240147,183.24447604392708,6387587,173.98092426382175,3.8921316511908901,4.0468559764339167,3.7721377391304349,3.8624166956521737,210.09252572239089,908061,60.08360288461428,0.24483064168461521,4.2814819522731957,289.46424055638511,1005203,87.533708378690221
SPN01_MRC_0006,01,SPN01_MRC_0006_01_01_T1_03_MPRAGE-TI-900-Buchanan,49.208209495488404,9319647,42.527371493331046,1.8660982979886984,145.24241384031413,503977,77.055269117840297,0.61102660433506417,15.048920979090729,183.21365571783275,6408993,173.46490488304238,3.9077386669435539,4.0479226549262757,3.7873307826086959,3.8923241739130434,209.93540222766842,910728,59.794387692197915,0.25342000614400956,4.3081349560144693,289.29565778930657,1009647,87.007062455063746
SPN01_MRC_0006,01,SPN01_MRC_0006_01_01_T1_04_MPRAGE-TI-900-Buchanan,49.401164526083193,9313660,42.711013806887188,1.8646283376243304,144.50559531828057,500329,75.184940570452696,0.61200923723673839,14.770800140747713,182.16895485254827,6414980,172.64874756662743,3.8976157985651332,4.0464670832335772,3.7811756521739128,3.869840695652174,209.21715844708299,913043,59.267008249417067,0.25986443567834772,4.2651517399283403,288.85732512006888,1007963,86.593875978057355
SPN01_MRC_0007,01,SPN01_MRC_0007_01_01_T1_03_MPRAGE-TI-900-Buchanan,47.149742214425871,8893050,42.166527446004281,1.4544934217585235,124.26636057810312,346305,35.679103793579749,0.59566257546038737,15.128118426105699,172.17413449314543,6835590,175.74242168268393,4.858053527053551,4.6548627170787151,5.0090963478260866,4.917236869565218,185.38488986798669,606454,37.933838129983307,0.2512216843490141,4.0831945365579481,246.71582665660014,696698,52.21257358613213
SPN01_MRC_0007,01,SPN01_MRC_0007_01_01_T1_02_MPRAGE-TI-900-Buchanan,45.988188605976063,8917745,42.5710267617292,1.4283050122166425,120.14574191270498,337041,35.643383527072309,0.58954921307073771,15.375238962975931,171.15674826876645,6810895,176.31533330858343,4.8410893794963075,4.6367625164114932,5.0080389565217391,4.8859269565217396,184.28467567448587,613319,37.397235452723748,0.28629928305866559,4.0204984772092489,245.08908657347251,700330,51.081331107545978
SPN01_MRC_0007,01,SPN01_MRC_0007_01_01_T1_04_MPRAGE-TI-900-Buchanan,45.180528063535554,8827309,41.23300285905632,1.483515246770243,123.398102696077,344278,35.119617873124923,0.59051800068229665,16.053056741999153,171.26969478786049,6901331,175.29475723110914,4.8899906205859089,4.6711740090243756,5.0363325217391299,4.9703290434782614,185.3625166197935,606957,37.615331860529778,0.28879571339351551,4.1537041426087455,246.53230503132457,696099,51.888367670054244
SPN01_MRC_0008,01,SPN01_MRC_0008_01_01_T1_02_MPRAGE-TI-900-Buchanan,67.703379165088506,8981982,68.294652576023196,1.0381348007942552,154.85549916014372,329223,45.121673208599773,0.60107302538402962,10.702203805396696,219.16081591804416,6746658,225.70229405139926,4.8267613072944506,4.7521971295065004,4.7969054208914441,4.9330194988178091,217.04068187303713,700189,38.259440042265666,0.44386461696316026,3.2090479657112549,287.93973742035985,778659,58.492088744534627
SPN01_MRC_0008,01,SPN01_MRC_0008_01_01_T1_03_MPRAGE-TI-900-Buchanan,67.415919549760005,8985430,68.682937360086171,1.0413420621068881,154.10156513422879,326234,45.178160080356548,0.59936721945811111,10.738063682788269,219.42912781894677,6743210,226.51603179130072,4.746056466397798,4.7051521634997373,4.68028073297645,4.8546055909765098,216.45173615556408,702990,38.685821656832942,0.41788083597557379,3.1948128058143301,287.97416777767444,774072,59.472401616619671
SPN01_MRC_0008,01,SPN01_MRC_0008_01_01_T1_04_MPRAGE-TI-900-Buchanan,68.554284879863957,8977988,69.74720946708598,1.0250576695480005,155.03094277390585,329867,44.465923569293928,0.60012494258973459,10.477739949694266,219.8827536954949,6750652,227.73775942314739,4.8335580898978767,4.7804307758511353,4.7830369000723856,4.9388963679931397,217.0134791552758,700489,38.602770216694381,0.43327268871377417,3.1525670399653558,288.5083911490832,773434,59.345788630101389
SPN01_MRC_0009,01,SPN01_MRC_0009_01_01_T1_04_MPRAGE-TI-900-Buchanan,30.411628193362997,7868703,7.0441068807263578,9.6190693150784892,136.53523833576131,324689,41.034175992273461,0.60298362893880719,42.356946262799148,146.42244575242779,7859937,140.84297981525472,4.4079249018542948,4.180875673425521,4.3692635942159637,4.6884173913043483,202.8753140066195,714555,36.471270475006392,0.12913106518316933,20.786516762410248,270.63306635514766,749874,48.165298539228736
SPN01_MRC_0009,01,SPN01_MRC_0009_01_01_T1_03_MPRAGE-TI-900-Buchanan,30.086787163822837,7866797,6.8035762984114578,9.8582718437364552,138.12594241289048,318995,40.440359422464709,0.60060116190507373,43.478048766170282,146.21026087648914,7861843,141.39332962422915,4.3134266203448277,4.1242090352807663,4.2262931499483294,4.6043380869565214,203.34780930159158,709728,36.531888507138305,0.099763347141155409,21.490206688889085,270.41931396093395,744943,48.064613334954004
SPN01_MRC_0009,01,SPN01_MRC_0009_01_01_T1_02_MPRAGE-TI-900-Buchanan,29.962492355285555,7848560,6.7881249137628643,9.8889755304579054,138.08672869720039,315651,40.19717952310998,0.59979432361736296,43.879308015190283,146.1170857402463,7880080,141.64882190982428,4.330368454687255,4.135942362708386,4.2513143689996049,4.6182288695652174,203.27512632404753,711266,36.707505435699034,0.089852660870274298,21.525397307288081,270.40272749394018,743833,48.326082183134574
SPN01_MRC_0011,01,SPN01_MRC_0011_01_01_T1_04_MPRAGE-TI-900-Buchanan,43.597779264836703,8937851,38.286524916990004,1.6170766227924958,129.97713975152641,353277,42.571015986642472,0.60985643250778665,16.471955941079067,171.75367486753012,6790789,161.10730649123832,4.2500828331223426,4.0920196206715724,4.2566230219525529,4.4074852173913044,191.88996112287109,722790,38.565474753834259,0.20777153255295933,4.4860084648558116,253.80220553409802,804431,51.161870733266205
SPN01_MRC_0011,01,SPN01_MRC_0011_01_01_T1_02_MPRAGE-TI-900-Buchanan,43.781839305506267,8980009,38.335768501693593,1.6058607696368425,129.80217078145279,350565,42.879651496551681,0.60891354073659043,16.532711334737201,172.37736483147472,6748631,162.09179953028169,4.229892759359525,4.0819862392295549,4.2149729377592049,4.3986810434782608,191.53223941344453,723819,38.504341628883054,0.2290338461798869,4.4965151754779473,253.09414612419403,806013,51.237293477618337
SPN01_MRC_0011,01,SPN01_MRC_0011_01_01_T1_03_MPRAGE-TI-900-Buchanan,43.445707059231815,8912457,37.708868786890321,1.6559053398076991,130.22013905606141,353095,42.650814828128105,0.61049297632305,16.705570133759679,171.58966227872696,6816183,160.76030898036561,4.2631535420321551,4.099464100811276,4.2749325859552405,4.4211422608695647,190.88168645487633,716841,38.430774321115358,0.21992667117496331,4.5503794677177103,253.32400363719589,808315,51.427372827653073
SPN01_MRC_0012,01,SPN01_MRC_0012_01_01_T1_03_MPRAGE-TI-900-Buchanan,43.150080056341771,7690209,34.127797591946177,2.301689765342342,151.91979965650262,333627,62.199744963898603,0.57002040233941909,18.572972624664466,153.97421984464381,8038431,180.29300598229378,5.1497312855605832,5.0181184558086249,5.3265697391304352,5.1093255740777339,218.23461738900747,560308,56.97880897085858,0.37374744951665162,4.5116951783897186,296.78621982006501,705477,82.016074694409454
SPN01_MRC_0012,01,SPN01_MRC_0012_01_01_T1_02_MPRAGE-TI-900-Buchanan,41.510434620896774,7657202,33.778938129401212,2.3065446121253013,156.11332520379,317361,68.086864116528417,0.55970892976409725,20.030198866920809,153.66268996924711,8071438,183.730589034161,5.0924982058302319,5.0198518031928749,5.258050782608696,5.0035307984877342,221.26219866795898,562295,59.090223490572896,0.30577317928924952,4.549068102158575,299.17482641364325,694323,83.826449826288567
SPN01_MRC_0012,01,SPN01_MRC_0012_01_01_T1_04_MPRAGE-TI-900-Buchanan,41.34075637923263,7629797,32.785057920306429,2.333778245129134,152.78314514799368,327514,64.161275058669688,0.56539460856702017,20.043097946466343,153.01186021262544,8098843,179.96031835445513,5.2173541993955306,5.079163395097491,5.4510636521739126,5.1295273118679336,218.05758463307697,556520,57.139968451894475,0.3123147313093651,4.6671218511971233,294.57063957278672,705596,81.179029428783181
SPN01_MRC_0013,01,SPN01_MRC_0013_01_01_T1_04_MPRAGE-TI-900-Buchanan,51.100025570850185,8795171,33.627356008745956,1.7339900230989758,142.5235355127997,381806,81.290660763560226,0.6721689343784838,11.382938084579827,156.11479376341049,6933469,134.99355414463406,4.1226104533145129,4.0609672439890865,4.1768960000000002,4.1308160000000003,192.32545285319694,665061,39.255705057511719,0.31827249293959153,4.6424938589524389,250.63495267555982,801066,52.896800035629937
SPN01_MRC_0013,01,SPN01_MRC_0013_01_01_T1_02_MPRAGE-TI-900-Buchanan,63.270210272622208,8665655,37.987269834506066,0.99874325953556242,172.64663039457182,554145,114.15512592489935,0.7022711164584946,8.0808393707451724,158.81534436219246,7062985,137.06629287974042,4.4585450710726731,4.3489148807546192,4.5552528695652166,4.4738893913043478,236.09760812359846,1018071,48.03148356448412,0.53193036187108766,4.1807517374657754,274.03713781897,400939,92.415388740114594
SPN01_MRC_0013,01,SPN01_MRC_0013_01_01_T1_03_MPRAGE-TI-900-Buchanan,58.00255906842802,10411992,38.080365813021167,2.1357705460427643,115.08100806224553,816894,46.84087672755193,0.69055996276974174,11.286674268769438,187.08595171243235,5316648,139.05947947732307,3.7847402541301505,3.7468193167549786,3.8155686956521735,3.7921391304347827,214.87201953875064,1459254,53.261337040560967,0.45188682434638827,4.9129242253355754,296.20294322473507,448012,136.6155553304072
SPN01_MRC_0014,01,SPN01_MRC_0014_01_01_T1_04_MPRAGE-TI-900-Buchanan,64.945141834840712,7677909,67.558472333953645,1.4051313956931106,179.15565674742086,345658,85.586291015297675,0.58623278084895591,10.170613067006881,196.72237639041722,8050731,224.9862669645081,4.4873368569667722,4.5965809441441126,4.5068246468203768,4.3617502608695649,242.89962740196313,734035,73.001783926101126,0.32663528572688216,2.9118831375875884,337.82815792346582,851881,106.64416695623085
SPN01_MRC_0014,01,SPN01_MRC_0014_01_01_T1_03_MPRAGE-TI-900-Buchanan,65.732680067816304,7690186,67.244976193265231,1.409313315815176,178.87891341353512,349535,85.160708990760043,0.5878885481727687,10.051826323482739,196.16590018428917,8038454,224.50822628185372,4.480050630067594,4.589547571962906,4.488581863001408,4.364833391304348,242.1869282423151,730751,72.939654182124727,0.32011683462532636,2.9171829821234398,336.9561686131583,856327,106.29232820182645
SPN01_MRC_0014,01,SPN01_MRC_0014_01_01_T1_02_MPRAGE-TI-900-Buchanan,65.243745213886498,7696746,66.703228178587366,1.4149827694248516,178.14835735204571,344870,85.342251352275582,0.58634330178862315,10.175288105814289,195.42814110843594,8031894,224.48737476240524,4.4786490047404239,4.5775141721647294,4.4824601234648416,4.3782121739130435,240.71179800631742,731310,72.78572765271349,0.29565780136177028,2.9298153394496582,335.09571654403277,853353,106.4674802196345
SPN01_MRC_0015,01,SPN01_MRC_0015_01_01_T1_03_MPRAGE-TI-900-Buchanan,64.375624124839632,7974967,67.068000085716122,1.0900885249800627,160.01090915250791,354198,57.424174747567925,0.58077284128608209,9.6142409234579791,187.26249649682157,7753673,219.13985070696091,4.783736774619948,4.7484401675604264,4.6369728293677843,4.9718201918958451,214.51601347043044,735537,55.025684058028808,0.34247928549422213,2.7921288283159051,287.62607075723145,891075,77.269998532645516
SPN01_MRC_0015,01,SPN01_MRC_0015_01_01_T1_02_MPRAGE-TI-900-Buchanan,63.951732830358708,7980787,67.027241027512034,1.0852613739660448,159.02257947505115,344605,57.181875587038448,0.57923644754722747,9.6032129578843382,186.05372481899178,7747853,218.63976999877016,4.6110257649818482,4.6390847105005015,4.4070848141164243,4.7952358557848163,214.58307739474412,737156,53.933998881350369,0.33162644235461991,2.7757926772284134,287.32515308541508,892149,75.701581745062953
SPN01_MRC_0015,01,SPN01_MRC_0015_01_01_T1_04_MPRAGE-TI-900-Buchanan,64.068824226264582,7944964,66.885740081430768,1.0986521790752157,162.21471887544652,361957,55.744246433731476,0.58011794206152867,9.6536204454707057,186.73577857043381,7783676,218.96002295810774,4.6020375841376131,4.6396513766567766,4.396254900354462,4.7784066395100044,215.50197214600732,729662,54.479027340809168,0.34216857370278836,2.7918623363229638,288.98613623552973,881723,77.248756174307232
SPN01_MRC_0016,01,SPN01_MRC_0016_01_01_T1_04_MPRAGE-TI-900-Buchanan,45.650432477595039,9186025,41.615547363317582,1.5402855506721302,130.98049913172349,353574,43.338315468771498,0.59103804944950622,16.515149193779344,177.52040506739277,6542615,177.49725120880524,4.3245004952924875,4.1478570961791874,4.4849307826086955,4.3473697391304347,193.34621878151253,697143,42.832759349452004,0.22584197190841523,4.2657231807521487,257.44604506854228,808990,58.430264114521286
SPN01_MRC_0016,01,SPN01_MRC_0016_01_01_T1_02_MPRAGE-TI-900-Buchanan,45.51538333680972,9204960,41.352623540560522,1.5431506759173892,131.55885397432885,357444,43.648932602879533,0.59146562356582366,16.765142830884621,178.54407650283275,6523680,177.54599586717001,4.327871076741566,4.1427570396375941,4.4939909565217384,4.3541259130434788,194.20338708126209,696647,42.932601361916781,0.22825476699518521,4.3175997365126948,258.01671604883541,812034,58.309373783326691
SPN01_MRC_0016,01,SPN01_MRC_0016_01_01_T1_03_MPRAGE-TI-900-Buchanan,45.986456422597314,9210565,42.162860022118714,1.5192285103053951,130.41000184222088,352835,43.618512400746596,0.59107150094967575,16.221045012448545,177.56340944220494,6518075,177.79488591042553,4.3550248368643407,4.1637239387530318,4.5212605217391308,4.3876285217391304,192.99318900789507,698283,43.103548131331294,0.22873993072086241,4.2113701335501164,257.04820802951338,807770,58.869079383794386
SPN01_MRC_0017,01,SPN01_MRC_0017_01_01_T1_04_MPRAGE-TI-900-Buchanan,36.591344884021744,8556604,23.191100327414468,2.7164221987817774,123.46359082395774,380687,41.976590521024214,0.62638894869264028,19.957614470252793,142.32109013395916,7172036,131.1496639163268,4.4538866619820494,4.2715124820060861,4.3865040568141733,4.7153861219518172,184.6806387283913,683984,34.168725887745268,0.24051586353651519,6.1368838961780421,247.6774584719553,768577,47.427464555388866
SPN01_MRC_0017,01,SPN01_MRC_0017_01_01_T1_03_MPRAGE-TI-900-Buchanan,36.655152326713512,8619368,23.603749279863514,2.6555631036386611,121.93429562308216,375424,40.910648626318654,0.62580291183878789,19.526868021378668,141.50580565773822,7109272,130.73466262327949,4.438301924258516,4.2608457564232145,4.3848011004054124,4.6795461243295335,182.99970660446488,685082,34.043214502606567,0.22893209803781436,5.9950562929617961,245.68095229960804,761021,47.133670220900626
SPN01_MRC_0017,01,SPN01_MRC_0017_01_01_T1_02_MPRAGE-TI-900-Buchanan,36.715756511694011,8594269,23.328200892920417,2.7070755636388508,121.21244887565825,380934,39.241660984791103,0.62546079719547321,19.95444982315426,142.74467265579545,7134371,131.84385409556526,4.4514060077976465,4.2767680665901473,4.397244925666814,4.6902313410119527,184.25058456123648,693255,33.615496093815359,0.24475333504222407,6.1189747683935298,247.40178714211936,762894,46.460766877644822
SPN01_MRC_0019,01,SPN01_MRC_0019_01_01_T1_04_MPRAGE-TI-900-Buchanan,54.103622227290458,8839368,51.911229345976317,1.3936200700968546,153.46506374354229,266929,59.517028009672451,0.57555044548203727,14.023191368635432,188.31353995022985,6889272,208.26925225202757,5.5147761631178245,5.4387858461805818,5.5063258955658032,5.6004121976326457,205.8220327050513,674697,53.104374506715615,0.35731706158177823,3.6276070191896967,278.16656378500471,717653,75.97418805260213
SPN01_MRC_0019,01,SPN01_MRC_0019_01_01_T1_03_MPRAGE-TI-900-Buchanan,56.278345781539805,9009330,54.534681306933479,1.3303924550406716,159.79036861463015,305875,61.313180667139179,0.5760292680008855,13.652831862752748,194.69758204339433,6719310,214.33330873397441,6.1415576638810512,5.8287753136162648,6.2890625392892234,6.319360419242555,206.9021191970667,643640,54.989774550508749,0.3727383723317938,3.5701608110184502,279.45464774585855,736755,78.036197849423559
SPN01_MRC_0019,01,SPN01_MRC_0019_01_01_T1_02_MPRAGE-TI-900-Buchanan,55.41030175902835,9045562,54.581597696604284,1.3481523960415536,156.49704354444376,278543,61.201618374170742,0.56684523001961706,14.68522869261608,198.71618257335916,6683078,222.14741170823876,5.6026779719567807,5.4681414452849735,5.635082756588961,5.7075092482159988,209.57753501359068,675095,57.137927489045225,0.34295060937065047,3.640717585401902,283.16184672804388,716987,82.111371869725687
SPN01_MRC_0020,01,SPN01_MRC_0020_01_01_T1_04_MPRAGE-TI-900-Buchanan,86.136941429565795,8854143,87.961748462707959,0.973844718439282,178.52169679711668,313249,100.66057171093331,0.53998772537034911,14.564732574132973,295.60989349475312,6874497,365.19877610338654,6.3250043049027171,6.4720796969852703,6.3388155794667398,6.167808,227.30936371293561,700470,72.826775582091855,0.50916808097632937,3.3606641370945365,312.97044787802838,835473,110.97867380387351
SPN01_MRC_0020,01,SPN01_MRC_0020_01_01_T1_02_MPRAGE-TI-900-Buchanan,88.892623459567488,8879081,89.480979219490251,0.95804267495806139,185.81429301430805,332680,109.62194418495777,0.54137075534754608,14.243867684547368,298.74057760506918,6849559,370.6158673972617,6.4561117278791338,6.6401911465572558,6.4670047883536439,6.2665683478260865,229.83564848260676,692108,74.080118348939223,0.52981215060432496,3.3385930754320485,315.5622451719139,838065,111.78363411891439
SPN01_MRC_0020,01,SPN01_MRC_0020_01_01_T1_03_MPRAGE-TI-900-Buchanan,85.063689603607159,8827783,88.751329412655977,0.95866431108423689,181.93341347029468,301983,106.16825855550998,0.53766831405438065,14.556788944079774,294.63171719106771,6900857,364.9431727872597,6.3023002280068345,6.5084575480030278,6.2754166271510492,6.1288069565217391,227.87284907226891,702197,72.763023903778034,0.46329367180865227,3.3197442690819354,312.95558114146291,838135,109.68270154792765
SPN01_MRC_0021,01,SPN01_MRC_0021_01_01_T1_04_MPRAGE-TI-900-Buchanan,31.3004067913499,7905527,7.4624936727721884,8.8489943705992768,127.87336224039812,298197,37.166027521370722,0.5857743630815746,38.137934193770832,136.61001343071484,7823113,144.31176947380101,4.5178584053515074,4.393404262873438,4.4860549565217385,4.6787895652173912,202.75581127176252,620045,32.577754240256375,0.10576056472895481,18.306214975987587,268.79137577275634,600448,46.016317194971919
SPN01_MRC_0021,01,SPN01_MRC_0021_01_01_T1_02_MPRAGE-TI-900-Buchanan,31.129834515138882,7895828,7.4492453447458518,8.8843737602203259,127.33081473078637,296196,37.077362706369428,0.58404231184109168,38.495202725556744,136.11461413857501,7832812,144.61457906538413,4.4783124744885567,4.3562816290924751,4.4575387826086956,4.6252076521739127,201.6653790058098,620505,32.510114255212777,0.088226339276894078,18.272268913062479,267.84725888011326,599007,45.954920626234411
SPN01_MRC_0021,01,SPN01_MRC_0021_01_01_T1_03_MPRAGE-TI-900-Buchanan,31.178959415494926,7909324,7.4402463079423775,8.9215643357535068,128.36895369715435,294064,37.343723671802181,0.58448142920052659,38.646119092794642,136.82936346350499,7819316,144.86554698062903,4.5066676299793187,4.3875041974625759,4.4781078260869567,4.6585766956521741,203.16174493181694,620242,33.103766145927331,0.093458050270794318,18.390434644272624,269.54038104197735,599514,46.467819252888603
SPN01_MRC_0022,01,SPN01_MRC_0022_01_01_T1_04_MPRAGE-TI-900-Buchanan,46.845799261021085,8627851,42.924166462423152,1.5192190797534895,142.76671963217149,295790,43.371155965301249,0.60361367052817483,14.962132081052223,174.85572927177529,7100789,172.70725604222082,4.8478639144880207,4.695963172737434,4.9256737391304348,4.9256292173913048,198.34464900867232,697852,38.390741642140874,0.32293835394236642,4.0735963836327072,263.55586168090042,771289,52.338709357627849
SPN01_MRC_0022,01,SPN01_MRC_0022_01_01_T1_03_MPRAGE-TI-900-Buchanan,46.869007874928968,8760206,43.941552598126933,1.4951840076412548,143.09574668780471,302141,43.653370215041704,0.60218538558220613,14.829972962084284,176.46153468627242,6968434,173.41565532146922,4.8685546124922654,4.686118619151701,4.9971645217391298,4.9278998260869562,197.31196384084276,702450,38.663075639158336,0.27298205087871219,4.0158238444627541,263.01267055648918,774157,53.17479466367601
SPN01_MRC_0022,01,SPN01_MRC_0022_01_01_T1_02_MPRAGE-TI-900-Buchanan,46.626251943052203,8745905,44.157176195258153,1.4746590563376514,143.11365846257817,290018,45.122380332005356,0.60106168113122882,14.855476664951693,176.38141730997955,6982735,173.64203354282492,4.8256937203361607,4.6673406331924596,4.9269314782608697,4.8868841739130433,197.84230525830088,700017,38.730078324801582,0.24761325443164545,3.9943998350356558,262.95908503693568,771747,53.334827414499863
SPN01_MRC_0023,01,SPN01_MRC_0023_01_01_T1_04_MPRAGE-TI-900-Buchanan,61.285031736596963,8628997,50.832111347118875,1.2812128766189184,139.31983553218873,375271,41.715860556046785,0.64889967337087839,9.3119205789328205,176.53947304110926,7099643,166.9405424612228,4.2016010457152317,4.1761657670909749,4.2628563478260872,4.1664333913043476,200.57312232527801,754284,40.447609847494597,0.4079928408828975,3.4729911538706011,265.69987792893335,874081,53.572783830074393
SPN01_MRC_0023,01,SPN01_MRC_0023_01_01_T1_02_MPRAGE-TI-900-Buchanan,59.844688844709538,8793953,54.02921960523026,1.185398519057292,135.815050943757,366090,41.511505029100839,0.64756932775502263,9.0859113784548278,178.71053661109724,6934687,164.69944088130404,4.0556545694259816,4.0322554527550372,4.1119165217391309,4.0233627826086957,198.78941497504161,751250,39.130899948620758,0.3653006787732434,3.3076645918053811,262.83557188090276,879886,51.69778405297339
SPN01_MRC_0023,01,SPN01_MRC_0023_01_01_T1_03_MPRAGE-TI-900-Buchanan,59.613252660502795,8626283,50.416050638392001,1.2902951322425875,137.1131236030869,379408,41.535587002137454,0.64878948742352194,9.6559829345971409,177.63742557576307,7102357,165.23669189362298,4.1871955055632064,4.1416437360037479,4.2612201739130438,4.1597217391304344,199.79803681144244,754385,39.455749731721525,0.40372858159186292,3.5234300054532941,264.84962153705544,873137,52.484035559911391
SPN01_MRC_0024,01,SPN01_MRC_0024_01_01_T1_04_MPRAGE-TI-900-Buchanan,62.01622140425637,8527930,37.561734437710683,2.1298613369910098,157.47050845722768,468948,53.572221149991513,0.69146173610674633,9.2157367018520198,166.20130167719572,7200710,144.30278760368179,4.4079559356937725,4.3300462069308532,4.4515842953295035,4.4432921208663361,224.56286475168736,790435,50.752174101596907,0.5142667681371681,4.4247504585500543,304.56415068089109,898455,77.302670364457583
SPN01_MRC_0024,01,SPN01_MRC_0024_01_01_T1_02_MPRAGE-TI-900-Buchanan,58.906754054939796,8333231,36.509049329076902,2.2168060396435427,161.09801038952133,466624,56.867914362375927,0.67987351991820166,10.166998739654373,165.38026835297413,7395409,146.56265778851773,4.4668907950080703,4.3774683267681169,4.5425422144073631,4.4822263843189001,226.75051103281106,800340,55.716499909432329,0.49317425617986588,4.5298431866112798,307.68399208715277,897275,83.117919498513174
SPN01_MRC_0024,01,SPN01_MRC_0024_01_01_T1_03_MPRAGE-TI-900-Buchanan,60.731691273712009,8372128,37.686818365080633,2.1258430592950885,167.13847294261456,484304,55.33578605512551,0.68780769128572528,9.5251899497481851,166.38361821471915,7356512,144.83510557556403,4.5148240356243985,4.3774127713325059,4.5695446509813831,4.6007877834889142,228.86448306792539,745833,53.02474459860909,0.52078802426336535,4.4149022239798503,308.98074431624673,883791,80.49659809702078
SPN01_MRC_0025,01,SPN01_MRC_0025_01_01_T1_04_MPRAGE-TI-900-Buchanan,77.497941797066119,7940665,63.945785718361321,1.3886969315910977,172.00784375827368,404143,68.152974473803624,0.63497226126504547,7.8781100278172094,192.96816489523914,7787975,205.65205095973539,4.2666585441146001,4.2787571454048106,4.2507350223431777,4.2705249340737428,235.68327665904422,775778,68.636677864103888,0.50046135934458891,3.0176838508973152,324.48459307431443,888172,101.39142185715122
SPN01_MRC_0025,01,SPN01_MRC_0025_01_01_T1_02_MPRAGE-TI-900-Buchanan,77.6540652672535,7982870,65.216955338166599,1.3632841259752104,171.31068369684294,401640,64.752306819649505,0.63237951024572658,7.8666654093806105,194.17196715110313,7745770,207.83011301366622,4.4121935879353069,4.4002679861251286,4.4443711834099027,4.3921360564405321,236.33010642241513,776904,69.040790031897217,0.47997061207310154,2.9773233991723749,325.23934637937191,879654,102.66751042849911
SPN01_MRC_0025,01,SPN01_MRC_0025_01_01_T1_03_MPRAGE-TI-900-Buchanan,76.279364570836606,7884561,63.733319805943452,1.3961251635723144,171.60339593595276,393647,66.12993026610512,0.63192379865101833,8.1385721624383702,193.89035283810884,7844079,206.92875967289433,4.2675818345401231,4.2853460196318718,4.2476407616788938,4.2698459775970479,237.00554497555615,778723,69.131123361839187,0.46800411589180424,3.0422132948427958,325.98523651463557,883328,102.57862012797244
SPN01_MRC_0026,01,SPN01_MRC_0026_01_01_T1_04_MPRAGE-TI-900-Buchanan,48.285076922078161,7547833,45.395563351834589,1.8103375224807006,163.94769982520262,352408,66.463828951867853,0.59948594693549362,13.959406024592342,170.0719354459774,8180807,179.96700081339813,4.4767106139979047,4.4620494683504761,4.4994003478260876,4.468769391304348,228.23380311203766,744464,58.244581696952231,0.23019958178724939,3.7464439889829944,310.41509480201358,897713,82.490518373902049
SPN01_MRC_0026,01,SPN01_MRC_0026_01_01_T1_03_MPRAGE-TI-900-Buchanan,48.064803972916458,7558981,45.476501298781209,1.7912456891216386,165.63906693652896,343385,67.871985282549389,0.59888672455713343,14.095046395749655,170.77483711376448,8169659,180.4129320719847,4.5229087155095318,4.4944609387901862,4.5547742608695652,4.5197133913043475,229.8338601516428,741875,58.650815399799413,0.21580951189055775,3.7552325318909552,311.29344705941924,888685,82.717262588408715
SPN01_MRC_0026,01,SPN01_MRC_0026_01_01_T1_02_MPRAGE-TI-900-Buchanan,47.625268358864645,7568224,45.061664871089903,1.8034532839290902,165.48483972180853,345805,67.706493463117539,0.59759807832923584,14.381480921418055,170.83299037696116,8160416,180.66003077988682,4.4541844508481221,4.4496826645796865,4.4545780869565217,4.4582956521739128,230.54332718000566,743771,58.42399345094411,0.20235262592650535,3.7910936239411352,311.80993467108487,889652,82.402355229627418
SPN01_MRC_0027,01,SPN01_MRC_0027_01_01_T1_04_MPRAGE-TI-900-Buchanan,52.16889180620575,7213630,35.67670127310339,2.0582904895485061,158.8067948284384,307528,51.859877670974683,0.65191758068631067,13.211868791517716,167.07106638747342,8515010,157.67376472218015,4.2180896279595972,4.2131851941411291,4.1659878975307363,4.2758010434782614,232.77488877601957,687127,47.188161381874764,0.34032214017076007,4.6829179948155142,306.20790370491136,754431,64.964171045480583
SPN01_MRC_0027,01,SPN01_MRC_0027_01_01_T1_03_MPRAGE-TI-900-Buchanan,52.052266696221075,7218325,35.353729111202476,2.0724100055490187,160.34924706790073,303281,53.498174005926344,0.6499708680851799,13.299836762845926,166.29648667528758,8510315,158.12605866355085,4.1949294472434042,4.1970517898611792,4.1349228561134099,4.2536403478260869,232.69927690715917,687187,47.364479354457778,0.33560611360668852,4.7037891293508132,305.96669885068479,751926,65.104152658689031
SPN01_MRC_0027,01,SPN01_MRC_0027_01_01_T1_02_MPRAGE-TI-900-Buchanan,52.948190792086443,7239273,35.886452704578055,2.0315840721291538,159.76359310910581,304750,54.482973910536032,0.6501487846592755,12.790985065904639,165.22313901613632,8489367,158.22038818699883,4.2020488111523209,4.199351799975469,4.135668595194371,4.2722504347826087,231.67812832945577,689865,47.23608168117304,0.36397978084263433,4.604053244723703,304.58447404929274,753255,65.038182364680878
SPN01_MRC_0028,01,SPN01_MRC_0028_01_01_T1_04_MPRAGE-TI-900-Buchanan,50.431099378498011,8459989,50.588955690305937,1.363080280215186,144.9304307668047,266339,45.962252135253337,0.54460556232109947,16.692260197135344,185.79185216073793,7268651,225.06506895431656,5.671145785432933,5.5288945278178137,5.8890355211284824,5.6018257629438164,209.02891266048621,536962,49.667977602765482,0.27395768481495664,3.6725773368027861,277.98572055862206,583006,68.050835648736921
SPN01_MRC_0028,01,SPN01_MRC_0028_01_01_T1_03_MPRAGE-TI-900-Buchanan,51.051946869790456,8536010,51.36577366922068,1.3491933833559084,140.39955192097247,270488,46.709084616198645,0.54494037973505816,16.390173528364834,186.75094409138242,7192630,226.02289911494202,5.7473117744501776,5.5361945352631041,6.0711628375591005,5.6482285486309918,208.46360667654437,539261,50.086917499746328,0.27855438313685199,3.635707802125193,277.76596864201406,592959,68.496294423634041
SPN01_MRC_0028,01,SPN01_MRC_0028_01_01_T1_02_MPRAGE-TI-900-Buchanan,50.033938205741364,8495676,50.268135726814634,1.3831055204109046,139.31654606345126,267544,47.207588087574969,0.5421604261385865,17.085604198239437,186.20865581523702,7232964,226.43259293103068,5.5416958636871074,5.4392944364345288,5.6846918553978867,5.5040114955850017,208.16261248645739,542732,50.685308727129652,0.2566571512378768,3.7043079701065453,277.68874851097934,590153,69.420614309597767
SPN01_MRC_0029,01,SPN01_MRC_0029_01_01_T1_08_MPRAGE-TI-900-Buchanan,66.144775770763715,8044067,64.995056590677663,1.0581225392619171,149.0823033990346,397760,52.023779805910621,0.60353080997600062,9.6160176961144312,194.77788967584797,7684573,211.55238216009516,4.7992057977786367,4.7859366122088298,4.7500243478260868,4.8623307573620842,215.04195937981831,616787,47.913558744617895,0.39642397309719074,2.9968108328993326,283.81469369901816,768166,66.838070715949755
SPN01_MRC_0029,01,SPN01_MRC_0029_01_01_T1_06_MPRAGE-TI-900-Buchanan,65.931208509978376,8086131,65.180806985099665,1.0606785292319514,149.5395567481259,392057,52.833695871387938,0.60148113669870007,9.7390121392824298,195.71823952055536,7642509,213.08608328555727,4.7917193446464683,4.780592151695072,4.7311248695652166,4.8643787574979536,214.67011870086247,616255,47.514787560142452,0.38443144193434414,3.0026973977983511,283.80600118796968,772747,66.370438877302391
SPN01_MRC_0029,01,SPN01_MRC_0029_01_01_T1_07_MPRAGE-TI-900-Buchanan,66.739935762466615,8069737,65.960162056199252,1.0363071875771164,148.41565763911004,405093,51.310138539879624,0.6024313019317592,9.4588674907285313,194.92110789234437,7658903,212.81619151065425,4.7963135573412456,4.7761810273209306,4.7453050434782602,4.8683078012368775,215.89170802332595,621625,48.036402152946664,0.39598725460321693,2.9551338537687046,284.24669805591662,773938,66.37470648987464
SPN01_MRC_0030,01,SPN01_MRC_0030_01_01_T1_03_MPRAGE-TI-900-Buchanan,33.486188717931618,7198680,7.9271424718455021,9.289623941863745,146.71903815519988,329575,48.387342138760907,0.61388134104198377,37.936337026952813,151.88325396602093,8529960,147.83213462408358,4.2866218267555318,4.2440323390781085,4.198634017678569,4.4203634236930132,212.56930115183044,825816,43.902698593606644,0.12872443281268234,19.159899611424706,286.20947364885137,863321,63.192410670063715
SPN01_MRC_0030,01,SPN01_MRC_0030_01_01_T1_02_MPRAGE-TI-900-Buchanan,33.438111223322224,7206654,7.9535030502687585,9.2475730418586668,148.53257554172603,333425,50.801598193808438,0.61297046282185008,38.287925141997661,152.30208005504821,8521986,148.44565409663355,4.2921615637990618,4.229254642139975,4.2126249751285041,4.438238903139788,213.02402170590958,827793,43.816727880480862,0.12562307001279652,19.149056597130713,286.57462210191562,866305,62.627018373287193
SPN01_MRC_0030,01,SPN01_MRC_0030_01_01_T1_04_MPRAGE-TI-900-Buchanan,33.591602837698908,7200623,8.0024458622411068,9.1530265486843838,147.874462722369,328508,48.982786951132063,0.61525694493067296,37.511109196044522,151.82292776855394,8528017,147.23911621070954,4.3134639662857275,4.2585100376573459,4.2438903685070786,4.440765512003062,212.49727247777057,823458,43.428295655117964,0.13580213823165024,18.972065588711839,285.74387190927291,862014,62.174542081139599
SPN01_MRC_0031,01,SPN01_MRC_0031_01_01_T1_03_MPRAGE-TI-900-Buchanan,71.117670816822098,10057294,71.733895085993041,1.0710853571541243,162.84833898804803,447709,54.681364008332586,0.58731714941382618,14.307135007711992,274.91381781326692,5671346,265.33919702032773,5.3556371160788316,5.2423879882812487,5.3301759999999998,5.4974553043478265,219.25420813845807,642505,57.267535515092433,0.42283809143890994,3.8324116860475259,296.0873327766954,808425,83.317108355536064
SPN01_MRC_0031,01,SPN01_MRC_0031_01_01_T1_02_MPRAGE-TI-900-Buchanan,70.359910732849258,9936914,71.720516581647075,1.0788818518576104,161.94018111254852,405825,56.414367210311134,0.58155203492767293,14.745141322546504,274.8541614365044,5791726,270.73567450034579,5.1831154086673319,5.1266551654157366,5.0786949565217396,5.3479401739130434,222.8387791469307,672841,58.726558394904146,0.41809710741181821,3.8322947816976294,300.21674289272255,799814,85.581912823940684
SPN01_MRC_0031,01,SPN01_MRC_0031_01_01_T1_04_MPRAGE-TI-900-Buchanan,70.263533259330302,10015806,71.426907957172588,1.0553725319927922,162.22887075265857,443189,54.90636673047257,0.58487312507199796,14.464083568688903,273.27372088879179,5712834,265.56175817657936,5.3139444628208334,5.2504768414922793,5.2531645217391301,5.440422956521739,220.11227861545584,660954,58.040739342464654,0.40861554227388192,3.8259211927897829,295.49427531863319,797861,83.764727753391995
SPN01_MRC_P001,01,SPN01_MRC_P001_01_01_T1_04_MPRAGE-TI-900-Buchanan,37.832840346367746,8267629,26.165995043157594,2.9134347584509181,157.0658763822432,430731,57.937562024943126,0.60252922041182011,24.6488639959327,164.01698429341548,7461011,158.91824938171865,4.1078292534989824,4.1435088857139579,3.9075619983681054,4.2811995883735712,216.61176096144715,798047,59.410212401105028,0.24789852084557737,6.2683258948451845,292.84468040963691,935072,84.939903305518129
SPN01_MRC_P001,01,SPN01_MRC_P001_01_01_T1_12_MPRAGE-TI-900-Buchanan,47.458008746986124,8689393,43.894365171818656,2.0673163864168518,181.88916573407377,426231,74.991723402557426,0.58749935731366543,17.734938321030803,191.08291994868202,7039247,193.91037672837962,4.011376431213411,4.1771404054847086,3.8924691278015886,3.9698924372858753,243.20574845331973,800424,75.590478151900996,0.21219249722046177,4.3532448686913074,333.94928884438559,928770,109.97119048629317
SPN01_MRC_P001,01,SPN01_MRC_P001_01_01_T1_02_MPRAGE-TI-900-Buchanan,37.518090727922235,8301656,25.722501089752129,2.9543989486603248,157.19374361931409,423152,58.215425456084738,0.60235381495340323,25.270888798447569,164.63473046394068,7426984,158.70507093079874,4.0834454935473206,4.1244311693406885,3.887493823123688,4.2466507165162932,217.07820929405821,801695,58.869808770599938,0.23313011283531865,6.4004168914014095,293.07273947053596,942047,83.79922828814108
SPN01_MRC_P001,01,SPN01_MRC_P001_01_01_T1_03_MPRAGE-TI-900-Buchanan,41.687962554543397,8596824,35.030809689740849,2.1547731274303472,157.41659459900464,428995,58.29074637244495,0.6017233761936932,17.96424427798171,164.59155143654857,7131816,161.78502498146003,4.1206885721596214,4.1650977051159765,3.9327279130811554,4.2715828920834014,216.88962829058863,796590,59.280495096333858,0.2553010274492068,4.6984797923397981,292.37307564216883,930830,84.531199806278266
SPN01_MRC_P002,01,SPN01_MRC_P002_01_01_T1_03_MPRAGE-TI-900-Buchanan,41.0704404429177,8368417,36.947437729318864,2.1252064705450771,158.71929431113105,321048,58.267762245642203,0.57860540887045631,21.502803030612579,178.11306654703262,7360223,184.11957306185457,4.1727092164067949,4.1822127876716433,4.2097641739130438,4.1265533172443769,226.65765154141238,695239,53.015403186256485,0.23050572169145012,4.8207149803434062,305.17858527382214,773860,76.1512040293577
SPN01_MRC_P002,01,SPN01_MRC_P002_01_01_T1_04_MPRAGE-TI-900-Buchanan,41.193882248643924,8360719,36.929031988079885,2.1290604664522701,158.2393230406777,319192,58.248200026729975,0.57928305211932751,21.409501415540269,178.03555100550074,7367921,183.93253219140584,4.1094357857603621,4.1409235531447406,4.1209766956521738,4.0667494871898811,227.02742739995111,699483,53.374718474757898,0.17316943674341884,4.8210186246681968,305.65156947012326,771821,76.515946322857559
SPN01_MRC_P002,01,SPN01_MRC_P002_01_01_T1_05_MPRAGE-TI-900-Buchanan,41.614266651673063,8376906,37.462143445576366,2.0917792260825574,153.75978701825557,315520,59.448987582793031,0.57988139114216963,20.877371644836916,177.84907302141235,7351734,183.91192424878079,4.09065843855024,4.1289790087108287,4.0935290434782603,4.0498423556334355,225.70126381610814,703979,53.7839848211228,0.18151558582607946,4.7474345209260385,304.06379724008963,778576,76.684951229154919
SPN01_MRC_P003,01,SPN01_MRC_P003_01_01_T1_02_MPRAGE-TI-900-Buchanan,44.131416692750783,7871968,39.241109733016216,1.8668481129294685,144.32904033155572,397158,51.095408642320059,0.60017071637381247,15.340107253027153,160.29894426036876,7856672,166.739480588639,4.1240280401591836,4.0804704954727331,4.141835405214751,4.1501387101134402,217.74070646169758,680688,54.085182324850948,0.24435731954194936,4.084974796864584,290.99789811603711,853520,74.629553839350919
SPN01_MRC_P003,01,SPN01_MRC_P003_01_01_T1_03_MPRAGE-TI-900-Buchanan,44.171668571013697,7878466,39.269061482053893,1.8740127123928934,145.20733398832573,415272,50.919059870632481,0.60198799747329645,15.309246600180844,160.88030736643543,7850174,166.11959084110629,4.1891146473659289,4.1265485674276547,4.2342625417813871,4.2072823660784096,217.60233505870025,679469,54.321219155887142,0.24356213506537949,4.0968717176996536,291.19305547980736,861773,74.503934370502947
SPN01_MRC_P003,01,SPN01_MRC_P003_01_01_T1_04_MPRAGE-TI-900-Buchanan,44.002251720936322,7854881,39.088841742646004,1.8782915386182095,144.50099367023248,397013,51.089580020680962,0.60157968384838045,15.300107504684961,159.91947061117821,7873759,165.61223423547719,4.1387896070303771,4.103603976497606,4.1539453190616324,4.1590541889657855,217.51970079774588,683551,53.963750467262983,0.23728723579644301,4.0911795663852004,290.93994149734414,852269,74.615914161776104
SPN01_MRC_P004,01,SPN01_MRC_P004_01_01_T1_02_MPRAGE-TI-900-Buchanan,29.118008760880731,8064486,6.8173682575985044,10.16800266286598,153.33839949722426,286410,56.281968074309432,0.5488980711991861,64.86706080379976,162.51652015343114,7664154,177.7674425431357,4.835826233705526,4.5905494591302745,4.7738883167119779,5.1602813858245442,215.11100402819292,675489,47.283791777781339,0.10763810613596453,23.83860076390819,284.43002262519252,805739,64.66581704045548
SPN01_ZHH_0001,01,SPN01_ZHH_0001_01_01_T1_03_SAGITTAL-IR-FSPGR,30.454553635779721,5100364,64.022904287596603,10.952920292210154,966.35819818593336,293815,256.24253851529028,0.5310944569239533,354.14941807100303,935.33386446281656,8006836,951.44695825860413,4.3344050893718524,4.0047112171997288,4.4240649617164225,4.596159795316697,1565.6376404167167,772611,207.91744747340223,0.41308345835708982,14.609363240711689,2266.875407954562,679610,215.18011663620456
SPN01_ZHH_0002,01,SPN01_ZHH_0002_01_01_T1_06_SAGITTAL-IR-FSPGR,28.020016671174435,5505311,64.109786653844409,10.897481753438772,849.02388951490616,287532,256.26937954162224,0.50159245324859614,297.10700305644144,821.49770418905086,7601889,882.91305806362641,4.4913578229781281,4.1261445537499473,4.4916629129779491,4.8885573882179045,1471.0835805106453,780816,207.15248596456246,0.40448268953379746,12.813920417871003,2169.7188107877673,595823,250.28449826105273
SPN01_ZHH_0003,01,SPN01_ZHH_0003_01_01_T1_03_SAGITTAL-IR-FSPGR,33.067273701375875,5119861,65.283149088763608,11.915594212850598,1038.716736588794,234785,262.6454863783872,0.49870213909092981,408.29440799715303,978.14411883607295,7987339,1108.9575651188848,5.1030385239544316,4.6221556780008655,5.28598614662278,5.4389692261779299,1644.5145120694369,713165,234.93770192225745,0.43175683871105097,14.983102569180888,2422.4020255481714,603096,266.25761023220934
SPN01_ZHH_0004,01,SPN01_ZHH_0004_01_01_T1_03_SAGITTAL-IR-FSPGR,25.834596943575168,4856851,55.341782028057288,11.449558102222079,876.02754226721856,320816,249.52435718220957,0.59137899245633896,458.10857914418318,1001.1218009080585,8250349,840.57344860804915,3.8689866707298974,3.5769667614239258,3.9418855362762661,4.1074576629048201,1445.3062382087028,806209,189.22471653936711,0.37219115842754902,18.089800585035512,2078.9451870194544,730940,191.89139976046854
SPN01_ZHH_0005,01,SPN01_ZHH_0005_01_01_T1_03_SAGITTAL-IR-FSPGR,31.812666693024795,5083821,61.866836443475982,10.746580071662294,989.86324204796733,317466,263.30981796172983,0.56498485242310048,426.59080523829368,1065.6939383020544,8023379,963.74492147967135,4.1044880790823566,3.6785889863382177,4.278216788592796,4.3937221303087295,1553.8985372646641,916297,201.1173165670898,0.43438449150747044,17.225609059155872,2218.7554488849137,813928,220.07508318350807
SPN01_ZHH_0006,01,SPN01_ZHH_0006_01_01_T1_03_SAGITTAL-IR-FSPGR,31.604714104265778,4723103,64.074296685090175,9.9978767930217316,919.48106681957404,275548,250.15449651164289,0.54674325701238036,333.56709734508331,917.97430528296604,8384097,927.34784342813703,4.4287168957021388,4.0041223282952396,4.7430097493745462,4.5737644259871741,1521.2436188577483,605926,187.33075137978187,0.42634937243587534,14.326716839274724,2161.8505427148007,505422,211.6558730783492
SPN01_ZHH_0007,01,SPN01_ZHH_0007_01_01_T1_03_SAGITTAL-IR-FSPGR,32.774953194678794,5072607,62.948440664657944,10.891084038381967,984.67904781513801,315695,260.84350921133972,0.56015245224609556,479.97571225749044,1141.3183369711446,8034593,1055.882418684145,4.373073152453248,4.0563778852350945,4.4659060120691443,4.6164848173821582,1575.8063068262272,840391,206.76153877165112,0.42276781938754571,18.13100253032847,2261.3830641901177,742108,230.30807244153192
SPN01_ZHH_0008,01,SPN01_ZHH_0008_01_01_T1_03_SAGITTAL-IR-FSPGR,25.58485377755968,5057842,54.193269481480122,12.05640002254275,915.54437597819776,274101,234.26411077881443,0.57418310058938615,446.59156196697114,955.31010647060305,8049358,831.45287188441068,4.0501792517050914,3.7300000988112583,4.1603071726347274,4.2814224875823106,1454.4212544774191,762437,182.50403981285049,0.38168550935359391,17.627836733435476,2107.7969898756014,643495,191.5037409956584
SPN01_ZHH_0009,01,SPN01_ZHH_0009_01_01_T1_03_SAGITTAL-IR-FSPGR,24.784122073659642,5570866,52.877975987196542,12.12578286140837,857.0107204980693,243179,238.42822513743167,0.49630300429793978,427.80302466173003,819.23555060059709,7536334,887.58312115964191,4.7740262587946605,4.3096667808338474,4.9791183846716809,5.0705809839662583,1405.8587182676929,731510,195.51206598732966,0.38899320141608146,15.492944563516582,2047.045573239204,581328,229.467478017926
SPN01_ZHH_0010,01,SPN01_ZHH_0010_01_01_T1_03_SAGITTAL-IR-FSPGR,39.838933230829703,5286317,82.71961470973794,8.2017745943795877,886.48382436985696,285213,267.11201636592415,0.5333366541489325,223.99030949817799,968.90914849384649,7820883,974.36156717635163,4.6240262120197642,4.2396778900908867,4.7706143795620291,4.88824572303837,1509.6564828449882,635616,199.67989398313711,0.42293755747148726,11.713172890054386,2188.1041172281848,582795,239.03539665168705
SPN01_ZHH_0011,01,SPN01_ZHH_0011_01_01_T1_03_SAGITTAL-IR-FSPGR,24.081284485139751,5303915,51.722152222128237,13.32257523892914,906.54453669820521,234739,250.83776348801339,0.479394243725697,444.27552217537544,777.62647244077334,7803285,917.30771743146954,4.6977358167313081,4.4710001184410553,4.5177537408648281,5.1326023546939421,1488.3391972150612,699764,243.57681502201694,0.38014410110267605,15.034688987827582,2177.4114617137107,603976,297.30375045642631
SPN01_ZHH_0012,01,SPN01_ZHH_0012_01_01_T1_03_SAGITTAL-IR-FSPGR,52.835039789795353,5127194,151.33538306448264,4.1852035363811115,874.49116529971923,308839,252.19872027548422,0.53760562502935805,76.490251383777618,982.16342130569831,7980006,1000.3452885789585,4.148306692568438,3.8603001022630297,4.1835930139057824,4.4202025396700284,1452.1281860287049,720921,265.38456550477309,0.46046765540761669,6.4899787572296121,2085.4975664097678,702871,332.89949575215343
SPN01_ZHH_0013,01,SPN01_ZHH_0013_01_01_T1_03_SAGITTAL-IR-FSPGR,33.492092510452729,4794442,62.217292019665912,9.9097483592734488,961.81610481251209,278898,249.28264936688373,0.56321949019161632,563.83980057398355,1217.3236724803007,8312758,1154.6481470458655,4.349701000400886,4.0350889957822424,4.3623218634704672,4.6752782273217894,1546.6790008838923,629036,208.18546077966352,0.46602962346817417,19.565680745081668,2163.2367083942136,607752,232.50559821916832
SPN01_ZHH_0014,01,SPN01_ZHH_0014_01_02_T1_04_SAGITTAL-IR-FSPGR,64.56894311986872,5486327,170.40053594334586,3.6756018087936626,799.85502791582303,488970,239.69250578354681,0.57461512833074846,43.740778363660446,909.21375713779776,7620873,791.05260229237115,4.4980101537383907,4.2430223346239284,4.5352849072137342,4.7291517797844582,1341.2401660733603,890209,226.8034615158567,0.44326413646142493,5.3357447035265766,1967.5646842061319,886306,297.92195106739069
SPN01_ZHH_0015,01,SPN01_ZHH_0015_01_01_T1_03_SAGITTAL-IR-FSPGR,27.639560164942761,5418122,61.515212293019339,8.9688607724228113,818.34355210352032,327665,217.85916818839644,0.49674534140436888,269.96838835239942,740.37901475313424,7689078,824.42284809440696,5.0379724995116568,4.6375445672974207,5.0567118834769014,5.4527047558760566,1329.1236768527792,669899,194.24069235580896,0.42513494528177842,12.035706082366092,1880.8450512949019,632519,221.60919955046975
SPN01_ZHH_0017,01,SPN01_ZHH_0017_01_01_T1_03_SAGITTAL-IR-FSPGR,34.465793086127753,5359399,93.492097432782671,5.3176558349547065,758.86213865028606,237028,215.4290420634421,0.51370294700717511,119.44548031810702,742.08250715267468,7747801,797.02407847499217,5.2541176277255568,4.9572667979893899,5.2551312938487067,5.5676646835278012,1246.7630229341939,624744,194.42899853205537,0.44207774043320902,7.9373821695058702,1743.9218203697847,597483,231.39125802174223
SPN01_ZHH_0018,01,SPN01_ZHH_0018_01_01_T1_03_SAGITTAL-IR-FSPGR,28.785844930134918,5065549,57.302694899717089,9.2063317339564374,843.50781711385298,250604,214.50273417033586,0.53136581942444183,466.61628385081809,967.02540075414856,8041651,991.81260356599591,4.8163430919251642,4.489055674474919,4.8214158038264134,5.1620547141601039,1326.3995047849444,702725,171.72128881506822,0.43463956226659733,16.875740354733697,1853.9471232814335,614902,188.61427627877782
SPN01_ZHH_0019,01,SPN01_ZHH_0019_01_01_T1_03_SAGITTAL-IR-FSPGR,23.47106770702317,5227567,48.545678266899174,11.84680379768759,835.55695844626871,307698,256.98414231494326,0.54580762027623553,598.58477606712381,960.05987195088903,7879633,904.82835210508756,4.2175999506046908,3.8332112126565301,4.3997105541155301,4.4484527620151226,1334.5860791960608,874892,175.15996177439473,0.38755218249713491,19.776423076686211,1909.6972048496818,729120,177.84947578439309
SPN01_ZHH_0020,01,SPN01_ZHH_0020_01_01_T1_03_SAGITTAL-IR-FSPGR,25.901292990551561,5490218,48.022509025577982,10.909491995841675,867.66590858752056,252832,213.45203908419384,0.52496068170446686,795.64971154376246,1094.4349851424095,7616982,1082.0774411222578,4.9935420495844136,4.567789009893974,5.0312889095461708,5.4180097428541272,1363.1107212816567,571760,162.54541327997515,0.44285691387846532,22.790041739790944,1887.0118991164343,527182,161.82918962582642
SPN01_ZHH_0021,01,SPN01_ZHH_0021_01_01_T1_03_SAGITTAL-IR-FSPGR,68.83641822189621,5357730,201.03934497488473,2.6627371754903906,857.79418915678207,271045,210.77922083260478,0.53739603750428866,46.483944970560522,1019.0337331456216,7749470,1029.837441216325,5.0126424708475774,4.598200121810704,5.0724064514463985,5.4000667332322632,1334.4464756415487,691218,152.64601025962787,0.46352410442482173,5.0688273644789605,1869.7614132424114,590104,158.30820752842456
SPN01_ZHH_0022,01,SPN01_ZHH_0022_01_01_T1_04_SAGITTAL-IR-FSPGR,27.18223758176763,5178394,53.353335025432003,10.914800058383657,1010.7809094424814,302537,245.49915404054633,0.54093204705018183,803.09570789459076,1219.2627739914433,7928806,1180.1946678792328,4.9476765650951755,4.513633452903786,5.0914402891966386,5.2703249713510916,1568.8522153501863,718532,181.25847162465249,0.44111533421365773,22.852606559838399,2151.1931996007343,621140,192.18067956661886
SPN01_ZHH_0023,01,SPN01_ZHH_0023_01_01_T1_03_SAGITTAL-IR-FSPGR,26.799953765282254,5303374,59.438172902602417,9.487624573387766,839.15400203334968,289178,222.78963418155422,0.51306861990636188,385.53588429829222,878.90926117522349,7803826,930.85070761831344,4.8810086416064502,4.5180778974659681,4.9021816089233408,5.2503227453644357,1359.9456727102604,722473,168.28907492336307,0.41551642407267525,14.78694950155074,1923.8727425382619,609811,175.71474036498446
SPN01_ZHH_0024,01,SPN01_ZHH_0024_01_01_T1_03_SAGITTAL-IR-FSPGR,97.819552470065403,5611066,268.62038859537114,2.0845837999030454,859.88411453741037,255183,207.43509942478013,0.55404449387026689,27.129708055590768,1082.1138228051952,7496134,1022.8492251502139,5.1420736889005232,4.691977902072745,5.1972840103469524,5.5754897057140109,1315.2203144014775,698470,155.74089601654072,0.47016912650822501,4.0284128411235658,1875.1820247910489,618207,162.04838940169191
SPN01_ZHH_0025,01,SPN01_ZHH_0025_01_01_T1_03_SAGITTAL-IR-FSPGR,33.018562516640138,4634878,68.590363396794956,7.7188217226325539,865.29984414377498,309901,228.65008704041591,0.55421754944697632,270.65592143203918,884.58619549634682,8472322,886.52195669867137,4.4850948426804216,4.1568112212290025,4.5656166077221583,4.7539514233561171,1400.4001433498445,704570,187.69758725632923,0.4896204387688306,12.896654160862504,1929.8369303002862,710089,195.70692092666866
SPN01_ZHH_0028,01,SPN01_ZHH_0028_01_01_T1_03_SAGITTAL-IR-FSPGR,25.94070600336196,4872753,59.751068602910372,10.121396028766821,823.02977090359343,318163,226.19075536389511,0.56652573229867731,301.00865859707466,831.51991129458963,8234447,765.36753633034368,4.4592308476676932,4.1745778883663256,4.6119656722788847,4.6055542742998554,1321.6910455013822,973399,191.7154568896562,0.40577780158362226,13.916402346218252,1926.4552739734531,805370,214.23900754077675
SPN01_ZHH_0029,01,SPN01_ZHH_0029_01_01_T1_03_SAGITTAL-IR-FSPGR,22.194385687215235,4829193,53.605567093339189,10.082997401692007,778.13903047060649,360216,213.29371934879666,0.56944805114351771,366.02341403232629,819.26215875391267,8278007,748.93136825314355,4.2109809927412183,3.8195889900734423,4.2525378039788748,4.597105921754574,1277.3641269069415,871946,164.81001856006014,0.36678302151104752,15.283154403112562,1817.8689206253071,700072,193.42870903496123
SPN01_ZHH_0030,01,SPN01_ZHH_0030_01_01_T1_03_SAGITTAL-IR-FSPGR,28.587225459893912,5081498,61.927437787555498,9.3959288261789204,850.6912434687282,280956,216.30185502944406,0.52704457249514003,336.67654181406988,866.99008036929354,8025702,902.56695946808009,4.7220201612959487,4.2937334470784254,4.7893031594349269,5.1200689621168829,1359.4467308002693,718708,182.45969427388204,0.42438804462778495,14.000096101885193,1941.3125286397637,606674,194.42021445391993
SPN01_ZHH_0031,01,SPN01_ZHH_0031_01_01_T1_03_SAGITTAL-IR-FSPGR,66.800731079025127,5522522,190.08450795175355,2.8822007472097133,867.11027255601198,347158,195.21651115688354,0.53360627728597099,49.490047548782876,1001.6995618007778,7584678,1002.8057863785747,5.4287246237340696,4.9226556859613968,5.655565395056251,5.7466940673727533,1326.1660397087699,696219,161.61502328586093,0.44664521028616999,5.2697590802877263,1874.0277505603046,621537,173.05208881254575
SPN01_ZHH_0032,01,SPN01_ZHH_0032_01_01_T1_03_SAGITTAL-IR-FSPGR,27.904780563711299,4968891,61.509185097066826,8.7356619045437629,791.17655819337449,283357,203.64426687028435,0.52664184449498197,360.43754253209886,882.27854349103723,8138309,930.5487005656131,4.8523746961601004,4.4337001174529425,4.9004674504358929,5.2584594327301808,1262.4709444214211,694944,164.590644497033,0.42192895758832305,14.343850306238412,1799.7943894533987,593632,177.23383748655908
SPN01_ZHH_0033,01,SPN01_ZHH_0033_01_01_T1_03_SAGITTAL-IR-FSPGR,61.660805832498497,5305445,179.78746848378384,2.8116140519366128,807.55788022751915,292371,218.558417631715,0.53897149835409197,51.592101654726385,960.9762572651922,7801755,969.70072128741117,4.7348019807667541,4.4567001180622343,4.667764870315116,5.1025155339694397,1294.4167816215015,728547,148.45598145061419,0.44007166222625999,5.3450680704805,1799.9097543726191,673052,158.85386933088799
SPN01_ZHH_P001,01,SPN01_ZHH_P001_01_01_T1_03_SAGITTAL-IR-FSPGR,15.964433745654635,5046469,34.97669635728446,9.9792674256101712,528.40922433799005,390402,139.29395021440769,0.55864316237330813,370.48508984553121,542.64832556749502,8060731,503.1856636153247,3.9770258619400574,3.7403000990841151,3.9948574858981343,4.2098730670802373,843.21666460403003,888830,109.24001799427739,0.3729679108303251,15.514567757468603,1192.2584712177368,809978,121.43330133168827
SPN01_ZHH_P002,01,SPN01_ZHH_P002_01_01_T1_03_SAGITTAL-IR-FSPGR,11.619913525694544,5156445,27.817376453760481,12.54562373000851,517.35991397007274,316634,136.04830030727607,0.5355750654191036,605.3508461050867,529.20401722855252,7950755,519.71467971951415,4.1822024314087756,3.8248889902138443,4.3272038762763101,4.4196571256058403,830.64417480161615,777407,106.89050125024195,0.29798650038931862,19.024224592431409,1179.6305129464936,665547,121.82311599712374
SPN01_ZHH_P003,01,SPN01_ZHH_P003_01_01_T1_03_SAGITTAL-IR-FSPGR,16.391541258364338,5135492,42.575898575678657,8.0731604363320812,501.69780920159155,335768,138.87717029563518,0.54597443715422755,250.09814796662789,520.20775321925987,7971708,499.93555767276843,4.1729581389977746,3.8253556568928735,4.3036954170198722,4.4138579270866156,829.97334183258636,768695,108.48349295970452,0.34661197018708234,12.218362280589114,1173.6954017550427,729213,116.62680894868231
