id,ACR_MD,ACR-L_MD,ACR-R_MD,ALIC_MD,ALIC-L_MD,ALIC-R_MD,AverageFA_MD,BCC_MD,CC_MD,CGC_MD,CGC-L_MD,CGC-R_MD,CGH_MD,CGH-L_MD,CGH-R_MD,CR_MD,CR-L_MD,CR-R_MD,CST_MD,CST-L_MD,CST-R_MD,EC_MD,EC-L_MD,EC-R_MD,FX_MD,FX/ST-L_MD,FX/ST-R_MD,FXST_MD,GCC_MD,IC_MD,IC-L_MD,IC-R_MD,IFO_MD,IFO-L_MD,IFO-R_MD,PCR_MD,PCR-L_MD,PCR-R_MD,PLIC_MD,PLIC-L_MD,PLIC-R_MD,PTR_MD,PTR-L_MD,PTR-R_MD,RLIC_MD,RLIC-L_MD,RLIC-R_MD,SCC_MD,SCR_MD,SCR-L_MD,SCR-R_MD,SFO_MD,SFO-L_MD,SFO-R_MD,SLF_MD,SLF-L_MD,SLF-R_MD,SS_MD,SS-L_MD,SS-R_MD,UNC_MD,UNC-L_MD,UNC-R_MD
SPN01_CMH_0024_01,0.00110422,0.00120948,0.000998345,0.00157427,0.00193964,0.00124216,0.00143319,0.00213433,0.00223382,0.000956347,0.00100526,0.000904025,0.00284297,0.0029197,0.00276565,0.00113969,0.00117504,0.00110554,0.00187367,0.00178502,0.00196861,0.00114707,0.00118965,0.00110467,0.00299274,0.00158987,0.00151026,0.00155491,0.00210146,0.00135386,0.00150753,0.00120802,0.00147345,0.00144167,0.00149993,0.00151419,0.0014937,0.00153244,0.000969181,0.0010119,0.000926892,0.00199247,0.00237306,0.00162357,0.00158781,0.0016824,0.00149862,0.00247547,0.000985916,0.000976977,0.000994515,0.0021734,0.002646,0.00171526,0.00102086,0.001081,0.000961974,0.00156069,0.00180181,0.00131883,0.00269652,0.00314413,0.00238803
SPN01_CMH_0001_01,0.000900786,0.00092396,0.000877478,0.000906536,0.000939827,0.000876275,0.00127241,0.0017243,0.00188227,0.000985749,0.00101602,0.000953369,0.00277988,0.00283441,0.00272493,0.000994764,0.000990109,0.00099926,0.00154936,0.00159156,0.00150416,0.00104039,0.00106135,0.00101951,0.00263025,0.00136335,0.00168855,0.00150614,0.00142618,0.00106265,0.00103741,0.00108661,0.00114825,0.00117294,0.00112767,0.00145272,0.00140045,0.00149929,0.000897563,0.00092888,0.000866563,0.0017009,0.00176325,0.00164047,0.0014161,0.00126604,0.00155758,0.00246111,0.000863724,0.000862346,0.000865049,0.000947082,0.0010799,0.000818329,0.000944408,0.000965247,0.000924004,0.00130977,0.0012823,0.00133733,0.00302705,0.00318748,0.00291649
SPN01_ZHH_0014_01,0.00130915,0.00135232,0.00126573,0.00222039,0.00242941,0.0020304,0.00160686,0.00218081,0.00232221,0.00116435,0.00119864,0.00112766,0.00292623,0.00278136,0.00307221,0.00127064,0.00128006,0.00126155,0.00144314,0.00140496,0.00148403,0.00139429,0.00130875,0.00147948,0.0029655,0.00163555,0.00176285,0.00169145,0.0023202,0.00166855,0.00173549,0.00160501,0.00172957,0.00177452,0.00169212,0.00161475,0.00158599,0.00164037,0.001041,0.00107117,0.00101114,0.00203658,0.00194131,0.00212893,0.00185611,0.00185624,0.00185599,0.00251794,0.00104927,0.00104475,0.00105362,0.00230712,0.00274367,0.00188394,0.00118052,0.00120073,0.00116074,0.00153893,0.00160844,0.0014692,0.00261122,0.00239993,0.00275684
SPN01_CMH_0005_01,0.000997072,0.00105632,0.000937482,0.000907992,0.00092851,0.000889341,0.0013326,0.00158779,0.00191852,0.000946556,0.000948268,0.000944724,0.00307696,0.00336191,0.00278982,0.00102915,0.0010316,0.00102679,0.00153452,0.00148802,0.00158432,0.00107,0.00105623,0.00108371,0.00291651,0.0015011,0.00133307,0.00142732,0.00163585,0.0011083,0.00112504,0.0010924,0.00138294,0.00120951,0.00152746,0.00150989,0.00141764,0.00159206,0.000890051,0.00090456,0.000875688,0.00174956,0.00188647,0.00161686,0.00156942,0.00158785,0.00155205,0.00259695,0.000816615,0.00081124,0.000821786,0.000731159,0.000730709,0.000731595,0.000991691,0.00100649,0.000977202,0.00124938,0.00132281,0.00117572,0.00306985,0.00305017,0.00308341
SPN01_CMH_0011_01,0.000901699,0.000908425,0.000894935,0.000886085,0.000876204,0.000895066,0.00133591,0.00175505,0.00191405,0.000935511,0.000948622,0.000921486,0.00292884,0.00283693,0.00302146,0.000986918,0.000976802,0.000996687,0.00187628,0.00188199,0.00187016,0.00105542,0.00105757,0.00105328,0.00297687,0.00133816,0.00143008,0.00137852,0.00153924,0.00102057,0.00102163,0.00101956,0.00139199,0.00127295,0.00149119,0.00144518,0.00139891,0.0014864,0.000848269,0.000856863,0.000839762,0.00151848,0.0016469,0.00139401,0.00136073,0.00136605,0.00135572,0.00242982,0.000845853,0.000845757,0.000845946,0.000902837,0.000996899,0.000811655,0.00096969,0.000977384,0.000962157,0.00121808,0.00135489,0.00108084,0.00280379,0.00302591,0.00265071
SPN01_MRC_P001_01,0.0013187,0.00134299,0.00129427,0.00246036,0.00250259,0.00242198,0.00135431,0.00231143,0.00231821,0.000877734,0.000886253,0.000868621,0.00206451,0.00208819,0.00204065,0.00127482,0.00128309,0.00126685,0.00110817,0.00122549,0.000961875,0.00105038,0.00104187,0.00105886,0.00276139,0.00172224,0.00148343,0.00161738,0.00243822,0.0016448,0.00168157,0.0016099,0.00122613,0.00102976,0.00138977,0.00139737,0.00138544,0.001408,0.000888843,0.000913453,0.000864481,0.00223454,0.00236891,0.00210429,0.00171855,0.00180269,0.00163921,0.00223229,0.00116201,0.0011632,0.00116087,0.00266391,0.00278652,0.00254505,0.000961288,0.0010001,0.000923287,0.00137086,0.0014634,0.00127803,0.00257748,0.00260369,0.00255942
SPN01_MRC_0014_01,0.000851054,0.000833488,0.000868722,0.00111556,0.000895524,0.00131556,0.00126102,0.00185862,0.001849,0.000904032,0.000905926,0.000902007,0.0019409,0.0020156,0.00186562,0.000943627,0.000899789,0.000985964,0.000874195,0.000746865,0.00127629,0.00111789,0.0011023,0.00113341,0.0025671,0.00127937,0.0013063,0.00129119,0.00155106,0.00108263,0.000994825,0.00116595,0.00112829,0.00121006,0.00106015,0.00130044,0.00127112,0.00132656,0.000825516,0.000816415,0.000834525,0.00192436,0.00190836,0.00193986,0.00135445,0.00131016,0.0013962,0.00207222,0.000863325,0.000791592,0.000932323,0.00134871,0.0010063,0.00168064,0.000988004,0.00102718,0.000949647,0.00135545,0.00135748,0.00135341,0.00257348,0.00255074,0.00258916
SPN01_ZHH_0007_01,0.00103708,0.00105192,0.00102216,0.00102472,0.00109476,0.00096106,0.00127187,0.00191102,0.0019831,0.000893835,0.000877624,0.000911176,0.0030369,0.00310945,0.0029638,0.00106633,0.00105879,0.00107362,0.00130989,0.0014353,0.00117557,0.00102886,0.00101769,0.00103999,0.0028734,0.00123339,0.00126718,0.00124823,0.0016194,0.0010478,0.00107316,0.00102373,0.00122246,0.00116262,0.00127232,0.00146172,0.00140079,0.001516,0.000923464,0.000946166,0.000900991,0.00133361,0.0014377,0.00123272,0.0012186,0.00120621,0.00123029,0.0023707,0.000894755,0.000896715,0.00089287,0.00129252,0.00151532,0.00107655,0.000924171,0.000913281,0.000934834,0.00111944,0.00114362,0.00109518,0.00266705,0.00301885,0.00242459
SPN01_MRC_0002_01,0.0010581,0.00109106,0.00102495,0.00123312,0.00133776,0.001138,0.0011892,0.00168941,0.00183079,0.000859162,0.000889588,0.000826616,0.00199291,0.00203216,0.00195335,0.000990435,0.00100191,0.000979349,0.000824568,0.000698353,0.000952041,0.00096263,0.000963025,0.000962236,0.00233253,0.00102182,0.0010365,0.00102827,0.00186411,0.00100954,0.00104262,0.000978147,0.00122074,0.00114342,0.00128518,0.00123097,0.00118598,0.00127105,0.000684996,0.000679161,0.000690772,0.0012028,0.00111529,0.00128762,0.00116894,0.00119237,0.00114684,0.00199847,0.000789796,0.000807728,0.000772547,0.00138119,0.00165303,0.00111768,0.000855803,0.000868157,0.000843708,0.000959307,0.000899788,0.00101901,0.0022242,0.00245889,0.00206245
SPN01_MRC_0007_01,0.00117594,0.00125523,0.0010962,0.00145067,0.00173967,0.00118797,0.00138034,0.00191687,0.00201116,0.000984004,0.00102483,0.000940333,0.00213747,0.00219019,0.00208434,0.00111206,0.00115328,0.00107226,0.000910225,0.000881329,0.000941565,0.00118523,0.00122808,0.00114256,0.00240463,0.00129134,0.00123112,0.0012649,0.00207062,0.00116133,0.00127746,0.00105112,0.00115152,0.00108982,0.00120293,0.00139657,0.00141047,0.00138418,0.000803687,0.000840972,0.000766778,0.00174231,0.00193575,0.00155481,0.00129363,0.0013506,0.00123992,0.00209343,0.000892943,0.000907995,0.000878465,0.00162181,0.00213756,0.00112184,0.00101332,0.00108975,0.00093849,0.00127533,0.00143618,0.00111399,0.00238635,0.00251941,0.00229465
SPN01_MRC_0019_01,0.000862401,0.000891638,0.000832996,0.000877663,0.000870592,0.00088409,0.0011011,0.00156758,0.00171655,0.000865501,0.000873968,0.000856445,0.00185092,0.00187301,0.00182867,0.000900908,0.000902936,0.00089895,0.000702935,0.00069129,0.000715409,0.000879245,0.000892553,0.000865992,0.00255019,0.00103293,0.00112219,0.00107212,0.00158872,0.000898474,0.000925279,0.000873035,0.000976872,0.000967258,0.000984884,0.00125846,0.00123137,0.00128259,0.000775333,0.000810204,0.000740814,0.00136587,0.00150956,0.00122659,0.00106559,0.0011194,0.00101485,0.00202253,0.000759327,0.000752698,0.000765703,0.000786198,0.000822309,0.000751193,0.00078021,0.000785586,0.000774946,0.00103391,0.00104727,0.00102051,0.00239258,0.00248606,0.00232816
SPN01_ZHH_0003_01,0.000865912,0.00087951,0.000852236,0.000848305,0.000849717,0.000847022,0.00120176,0.0015972,0.00180648,0.000896679,0.000899122,0.000894065,0.00247376,0.002564,0.00238283,0.000923186,0.000904909,0.000940837,0.00166372,0.00167256,0.00165426,0.000997068,0.00100186,0.000992295,0.00293411,0.00122603,0.00121297,0.0012203,0.00151627,0.000914622,0.000912759,0.000916389,0.00123065,0.00118605,0.00126781,0.00131926,0.00124261,0.00138754,0.000797027,0.000777247,0.000816607,0.00150952,0.00151988,0.00149948,0.00112108,0.00114001,0.00110324,0.00232412,0.000782816,0.00076631,0.000798693,0.000752821,0.000749949,0.000755605,0.000856865,0.000859165,0.000854614,0.0012279,0.00131478,0.00114076,0.00305696,0.00300669,0.00309161
SPN01_ZHH_0017_01,0.00121423,0.00125829,0.00116992,0.0014797,0.00174814,0.00123569,0.00140337,0.00216409,0.00225579,0.000901825,0.000935257,0.000866064,0.00263358,0.00259966,0.00266776,0.00117114,0.00118748,0.00115536,0.00170114,0.00169057,0.00171245,0.00110779,0.00107181,0.00114362,0.00291839,0.00148809,0.00143107,0.00146305,0.00213839,0.00128438,0.00138759,0.00118643,0.00141575,0.00129532,0.00151611,0.00146915,0.00145339,0.00148318,0.000935582,0.000988649,0.000883051,0.00176867,0.00170224,0.00183305,0.00150108,0.00151572,0.00148727,0.00247487,0.000968441,0.000973721,0.000963363,0.00171159,0.00227424,0.00116617,0.000913197,0.000910397,0.000915938,0.00120781,0.00127416,0.00114126,0.00300718,0.00298151,0.00302487
SPN01_CMH_0008_01,0.00122986,0.00134085,0.00111822,0.00174585,0.00226688,0.00127225,0.00153647,0.00231489,0.00240742,0.00100062,0.0010622,0.000934742,0.00312866,0.00325219,0.00300418,0.00121047,0.00126928,0.00115368,0.00163465,0.00143518,0.00184827,0.00114596,0.00112172,0.00117009,0.00314228,0.00186986,0.00161658,0.00175865,0.0023341,0.00148075,0.00167435,0.00129701,0.00128927,0.00135856,0.00123153,0.00150469,0.00150654,0.00150305,0.000987106,0.00102428,0.000950307,0.00207563,0.00249404,0.00167007,0.00179886,0.00187818,0.00172407,0.00259265,0.00103645,0.00106891,0.00100522,0.002087,0.00286479,0.00133302,0.00109728,0.00111536,0.00107957,0.00153775,0.00189616,0.00117824,0.00297658,0.00302663,0.00294209
SPN01_MRC_0008_01,0.000902166,0.000901736,0.000902598,0.000917007,0.000903315,0.000929453,0.00108291,0.00119296,0.00152709,0.000818108,0.000834737,0.000800321,0.00181935,0.00190493,0.00173311,0.000858363,0.000849866,0.000866568,0.000957635,0.00098095,0.000931572,0.00096248,0.000936286,0.000988565,0.00222999,0.00117923,0.0010934,0.00114154,0.00169075,0.000902451,0.000901877,0.000902996,0.00107464,0.000979448,0.00115396,0.0011158,0.00108595,0.00114239,0.000671087,0.000667659,0.000674481,0.00143718,0.00152709,0.00135004,0.00116227,0.00118532,0.00114054,0.00185598,0.000675859,0.000672765,0.000678835,0.00067978,0.000668559,0.000690657,0.000878114,0.000886391,0.000870011,0.00122362,0.00127102,0.00117608,0.00232602,0.00253458,0.00218228
SPN01_ZHH_0023_01,0.00104461,0.00111321,0.000975608,0.00109029,0.00117969,0.00100902,0.0014633,0.00186049,0.00198899,0.0011264,0.00114177,0.00110995,0.00322052,0.00338634,0.00305343,0.00105316,0.00109425,0.00101349,0.00137404,0.00135707,0.00139221,0.00110556,0.0011241,0.0010871,0.00306939,0.00146282,0.00156049,0.00150571,0.00170942,0.00110953,0.00119474,0.00102866,0.00124213,0.00135814,0.00114546,0.00142739,0.00144802,0.00140902,0.000882897,0.000949888,0.000816581,0.00158478,0.0017915,0.00138442,0.00139785,0.00150744,0.00129453,0.0023873,0.000869219,0.000896557,0.000842924,0.00112441,0.0013746,0.000881881,0.00108381,0.00116263,0.00100664,0.0013074,0.00142516,0.00118927,0.00236289,0.00293618,0.00196778
SPN01_MRC_0017_01,0.00118504,0.00118751,0.00118256,0.00178413,0.00165167,0.00190453,0.00132949,0.00201842,0.00208492,0.000894029,0.000940928,0.000843862,0.00202899,0.00208188,0.00197569,0.00112881,0.00111174,0.00114529,0.0009485,0.000967336,0.000928291,0.00110638,0.00108334,0.00112933,0.00251064,0.00132388,0.00126548,0.00129824,0.00216274,0.00134732,0.0013342,0.00135977,0.00117512,0.00117264,0.00117718,0.00132326,0.00130549,0.00133908,0.000840739,0.000868913,0.00081285,0.00194603,0.00208814,0.00180828,0.00150748,0.00158571,0.00143372,0.00211448,0.000964894,0.000928158,0.00100023,0.0021704,0.0023444,0.00200172,0.000950971,0.000979479,0.000923058,0.00126919,0.00129744,0.00124086,0.00245751,0.0024794,0.00244242
SPN01_CMH_0009_01,0.00104333,0.00113793,0.000948186,0.0013684,0.00160162,0.00115641,0.0014329,0.00203812,0.00211772,0.00104086,0.0010577,0.00102284,0.00292978,0.00286716,0.00299287,0.0010798,0.00111075,0.00104991,0.00139948,0.0014231,0.00137419,0.00111311,0.0011277,0.00109859,0.00291596,0.00139821,0.00139708,0.00139771,0.00187964,0.00123102,0.00134523,0.00112263,0.00131728,0.00122724,0.00139231,0.0014431,0.00142658,0.00145781,0.000943025,0.000958553,0.000927653,0.00178555,0.00204081,0.00153813,0.00143407,0.00156162,0.0013138,0.00241595,0.000932947,0.000922442,0.000943052,0.00158707,0.00207012,0.0011188,0.00107806,0.00106924,0.00108669,0.00126114,0.00144058,0.00108115,0.00299537,0.0030977,0.00292484
SPN01_MRC_0004_01,0.00150171,0.00150017,0.00150326,0.00252709,0.00251431,0.00253871,0.00147515,0.00237599,0.00237587,0.000973509,0.00103578,0.000906898,0.0020173,0.0020151,0.00201951,0.00141078,0.00141644,0.00140532,0.000505753,0.00042845,0.00095699,0.00169397,0.00161371,0.0017739,0.00273666,0.00183446,0.00181595,0.00182633,0.00246301,0.00173315,0.00174017,0.00172649,0.00174555,0.00162504,0.00184597,0.00138558,0.00138665,0.00138462,0.000896371,0.000901666,0.00089113,0.00221215,0.00232612,0.00210169,0.00192462,0.00199332,0.00185985,0.00230654,0.0013214,0.00133478,0.00130853,0.00266981,0.00271921,0.00262193,0.00117651,0.00116488,0.0011879,0.00189933,0.00199549,0.00180287,0.00262073,0.00262792,0.00261578
SPN01_CMH_0021_01,0.00127733,0.00131951,0.0012349,0.00186924,0.00218745,0.00157999,0.0014463,0.00227951,0.00235954,0.00105858,0.00109338,0.00102135,0.00282466,0.00298531,0.00266278,0.001206,0.00122001,0.00119247,0.00126753,0.00131967,0.00121095,0.00112793,0.00118625,0.00106985,0.00303222,0.00167484,0.00144079,0.00157207,0.00230554,0.00143329,0.001582,0.00129217,0.00143349,0.00135566,0.00149835,0.00146352,0.00143301,0.0014907,0.0009314,0.00098191,0.0008814,0.0018874,0.00216751,0.0016159,0.00158877,0.00171225,0.00147234,0.00251226,0.000992452,0.000999522,0.000985651,0.0021332,0.00268236,0.00160086,0.000999593,0.00102204,0.000977615,0.00149787,0.00174389,0.00125108,0.00301422,0.00303164,0.00300222
SPN01_ZHH_0012_01,0.00137759,0.00140564,0.00134938,0.00235326,0.00249791,0.00222178,0.00163347,0.00224759,0.00238475,0.00116345,0.00116354,0.00116335,0.00276642,0.00275759,0.00277532,0.00129917,0.00128124,0.00131649,0.00222558,0.00227448,0.00217321,0.00151267,0.00149083,0.00153442,0.00307603,0.00162585,0.00178306,0.00169488,0.00240596,0.00168781,0.00171959,0.00165765,0.00213053,0.00193545,0.00229309,0.00153665,0.00150937,0.00156095,0.000996373,0.00100977,0.000983112,0.00192779,0.00228079,0.00158563,0.00183653,0.0018121,0.00185956,0.00255623,0.00108801,0.00102455,0.00114905,0.00260828,0.00280841,0.00241428,0.00112647,0.0011123,0.00114035,0.00177539,0.00187681,0.00167366,0.00294001,0.00316064,0.00278795
SPN01_CMH_P001_01,0.00142124,0.00141574,0.00142677,0.00265457,0.00270975,0.00260442,0.00148301,0.00256766,0.00259212,0.000951646,0.000948253,0.000955275,0.00260373,0.00248602,0.00272235,0.00139366,0.00137382,0.00141281,0.00175785,0.00189938,0.00160628,0.00110428,0.0010992,0.00110933,0.00308956,0.00200597,0.00181426,0.00192179,0.00264724,0.00183917,0.00185856,0.00182076,0.00131237,0.00107222,0.00151249,0.00152634,0.00150393,0.0015463,0.00104268,0.00104951,0.00103592,0.00245646,0.00258015,0.00233658,0.00196116,0.0019996,0.00192492,0.00258195,0.00129396,0.00126086,0.00132579,0.00290768,0.00303675,0.00278256,0.00101315,0.00104629,0.000980699,0.00151308,0.00154313,0.00148293,0.0030025,0.00302892,0.00298429
SPN01_ZHH_P002_01,0.00111914,0.00125178,0.000985729,0.00159833,0.00207292,0.00116693,0.00144666,0.00204514,0.00213507,0.000975975,0.000965222,0.000987478,0.00298491,0.00299432,0.00297543,0.00113713,0.00118228,0.00109353,0.00132471,0.00151719,0.00111982,0.00121113,0.0011629,0.00125916,0.00296096,0.00168275,0.00141784,0.00156643,0.00183424,0.00134946,0.00150546,0.00120141,0.00134697,0.00126501,0.00141527,0.0015325,0.00147588,0.00158294,0.000957457,0.000976163,0.00093894,0.00198258,0.00237964,0.00159772,0.00156338,0.00158722,0.0015409,0.00249729,0.000952877,0.000956278,0.000949605,0.00163086,0.0023182,0.000964565,0.00100547,0.000999596,0.00101123,0.00153457,0.00165576,0.00141301,0.00297162,0.00297775,0.0029674
SPN01_MRC_0013_01,0.00098933,0.000990373,0.000988282,0.00114624,0.00101533,0.00126524,0.00117527,0.00180499,0.0019069,0.00083645,0.000849106,0.000822911,0.00210247,0.00216654,0.00203791,0.000997877,0.000967819,0.00102691,0.000942149,0.00093188,0.000953193,0.00100118,0.000967671,0.00103455,0.00244438,0.00118806,0.00114668,0.00116989,0.00185135,0.00106366,0.00100219,0.001122,0.00127791,0.00113064,0.00140063,0.00131784,0.00126298,0.0013667,0.000849957,0.000855036,0.00084493,0.00151579,0.0015649,0.00146818,0.00123386,0.00116815,0.00129581,0.0020909,0.000841997,0.000795123,0.000887083,0.00124733,0.00119603,0.00129706,0.000842983,0.000864249,0.000822161,0.00114273,0.00119365,0.00109165,0.00261963,0.0026438,0.00260297
SPN01_CMH_0007_01,0.00109653,0.00116424,0.00102843,0.00140214,0.00163023,0.00119481,0.00131254,0.0021655,0.0022211,0.000944316,0.00098758,0.000898038,0.00288112,0.00282453,0.00293815,0.00111214,0.0011333,0.00109171,0.00151122,0.00166114,0.00135066,0.00100313,0.00102399,0.000982366,0.00297097,0.00152767,0.00152633,0.00152708,0.00199436,0.001283,0.00143024,0.00114327,0.00126839,0.00127448,0.00126332,0.00147993,0.00142865,0.00152561,0.000922577,0.000956014,0.000889478,0.00190407,0.00227825,0.00154138,0.0015904,0.00180896,0.00138432,0.00247737,0.000939478,0.000950837,0.000928553,0.00188516,0.00238297,0.00140259,0.00090618,0.00093763,0.000875387,0.00150748,0.00161414,0.00140049,0.00309006,0.00315803,0.00304322
SPN01_CMH_0017_01,0.00100268,0.00107741,0.000927515,0.00134595,0.0015171,0.00119038,0.00141638,0.00216138,0.00218377,0.000969098,0.000978414,0.000959132,0.00304019,0.00294437,0.00313674,0.00112588,0.00112657,0.00112521,0.00203571,0.00203754,0.00203375,0.00106934,0.00106817,0.0010705,0.00306384,0.00148987,0.00147204,0.00148204,0.00178814,0.00128024,0.00132452,0.00123821,0.00127152,0.00119201,0.00133778,0.00150378,0.00146501,0.00153831,0.000984956,0.00101068,0.000959491,0.001735,0.00176089,0.00170991,0.00156426,0.00151552,0.00161021,0.00252849,0.00106916,0.00101497,0.00112128,0.00222215,0.00247709,0.00197501,0.00099437,0.00100383,0.000985108,0.00148331,0.00156808,0.00139828,0.0031038,0.00316031,0.00306485
SPN01_MRC_0021_01,0.00121302,0.0012221,0.00120389,0.00209593,0.00215359,0.00204351,0.00132206,0.00203849,0.00213645,0.000960938,0.000997724,0.000921589,0.00213018,0.00222093,0.00203873,0.00114234,0.00112896,0.00115526,0.000876165,0.000872179,0.000880434,0.00110466,0.0010622,0.00114694,0.00256358,0.00133197,0.00128988,0.00131349,0.00221653,0.00142402,0.00145081,0.0013986,0.00131223,0.00118452,0.00141866,0.00137398,0.00136496,0.00138201,0.000854787,0.000869073,0.000840645,0.00181601,0.00185399,0.0017792,0.00142122,0.00146235,0.00138245,0.00220741,0.000942902,0.000904348,0.000979985,0.0022472,0.0025211,0.00198169,0.000984958,0.000954826,0.00101446,0.00136071,0.00147865,0.00124241,0.00259985,0.00260179,0.00259852
SPN01_CMH_P002_01,0.00108797,0.00122532,0.000949831,0.00152001,0.00197177,0.00110937,0.00143062,0.00203674,0.00211598,0.00100288,0.000989543,0.00101715,0.00293437,0.00299647,0.0028718,0.00112374,0.00117519,0.00107405,0.00122263,0.00129188,0.00114775,0.00115182,0.00112172,0.00118179,0.00287522,0.00167254,0.00144837,0.00157411,0.00179221,0.00133348,0.00148522,0.00118948,0.0013264,0.00124676,0.00139277,0.00152688,0.00146357,0.00158328,0.00097761,0.000998933,0.000956503,0.0019835,0.00239528,0.00158437,0.00156746,0.00159481,0.00154167,0.00248173,0.000955494,0.000974105,0.000937592,0.0015906,0.00221971,0.000980756,0.00102532,0.00102336,0.00102724,0.00152606,0.00168024,0.0013714,0.00290272,0.00287662,0.00292071
SPN01_CMH_0013_01,0.00122709,0.00125102,0.00120303,0.00136213,0.00144319,0.00128845,0.00139975,0.00207139,0.00225178,0.000938066,0.000963326,0.000911046,0.00307563,0.00319317,0.00295718,0.00114164,0.00113616,0.00114694,0.00171812,0.00180062,0.00162977,0.00118902,0.00117801,0.00119998,0.00288581,0.00134184,0.00128387,0.00131639,0.00233933,0.00116204,0.00117656,0.00114825,0.00156666,0.00172864,0.00143168,0.00144724,0.00140235,0.00148722,0.000904131,0.000920912,0.000887519,0.00155594,0.00147313,0.00163621,0.00126608,0.00122344,0.00130628,0.00242996,0.000887322,0.000871532,0.000902509,0.00109446,0.00128612,0.000908676,0.000958895,0.000984021,0.000934295,0.00127577,0.00139023,0.00116096,0.0031434,0.00311298,0.00316436
SPN01_MRC_0009_01,0.0010506,0.00109551,0.00100544,0.00118601,0.0012889,0.00109248,0.00128377,0.00197732,0.00198099,0.000898303,0.000909093,0.000886762,0.00218002,0.00229956,0.00205956,0.00105636,0.00107168,0.00104156,0.000999799,0.00096876,0.00103304,0.00107397,0.00106216,0.00108573,0.00263514,0.00141359,0.00122253,0.0013297,0.00180919,0.00109121,0.00117578,0.00101094,0.0012047,0.00118175,0.00122383,0.00137087,0.00136078,0.00137985,0.00082337,0.000858168,0.000788923,0.0018675,0.00218857,0.00155629,0.0013133,0.00145004,0.00118438,0.00212237,0.000900156,0.000900532,0.000899794,0.00151282,0.00182938,0.00120596,0.000925077,0.00093974,0.000910721,0.00148468,0.00165712,0.00131171,0.00234908,0.00244265,0.0022846
SPN01_ZHH_0024_01,0.000828219,0.000859796,0.000796459,0.000875664,0.000886948,0.000865408,0.00123679,0.00155624,0.00170908,0.000846449,0.000855885,0.000836355,0.00327808,0.00341089,0.00314426,0.000900432,0.000895781,0.000904923,0.00158754,0.00184191,0.00131512,0.00102513,0.0010296,0.00102067,0.0030262,0.00123186,0.0012234,0.00122815,0.00118373,0.000904815,0.000903498,0.000906065,0.00117013,0.000978713,0.00132964,0.00133989,0.00126369,0.00140776,0.000784143,0.000794259,0.000774129,0.00132477,0.00144175,0.00121138,0.00107741,0.00105275,0.00110067,0.00233584,0.000754449,0.000754361,0.000754533,0.000754601,0.000778161,0.000731762,0.000874208,0.000900445,0.000848519,0.00110639,0.00117685,0.00103572,0.00255197,0.00259588,0.00252171
SPN01_ZHH_0013_01,0.00137311,0.00140281,0.00134324,0.00249597,0.00259296,0.0024078,0.00168242,0.00230421,0.00240972,0.00115889,0.00126739,0.00104282,0.00316371,0.00296621,0.00336272,0.00130491,0.00129671,0.00131283,0.00179829,0.00197617,0.00160779,0.00152529,0.00151849,0.00153207,0.00305412,0.00191038,0.00193201,0.00191988,0.0024437,0.00178384,0.00181452,0.00175472,0.00165783,0.00162118,0.00168838,0.00152849,0.00150091,0.00155306,0.00102774,0.00104998,0.00100573,0.00220565,0.00240593,0.00201153,0.00196215,0.00197345,0.0019515,0.00252762,0.00111244,0.00107298,0.00115039,0.00261789,0.00285881,0.00238434,0.00119565,0.00122216,0.00116969,0.00204793,0.00220851,0.00188686,0.00289814,0.00290601,0.00289271
SPN01_CMH_0014_01,0.000880928,0.000879627,0.000882236,0.000831377,0.000834962,0.000828118,0.00122808,0.00153974,0.00170299,0.000877761,0.00089455,0.000859803,0.00293996,0.00302365,0.00285563,0.000954623,0.000946929,0.000962054,0.00136979,0.0014412,0.00129331,0.000968549,0.00101356,0.000923725,0.00299578,0.00132144,0.00127284,0.0013001,0.00127117,0.000961071,0.000973674,0.000949109,0.00130804,0.00123667,0.00136751,0.00137567,0.0013686,0.00138197,0.0008085,0.000831244,0.000785985,0.00197372,0.00195621,0.00199069,0.001273,0.00128428,0.00126237,0.00226983,0.000819831,0.000814862,0.000824611,0.000772871,0.000768864,0.000776756,0.000864164,0.000887979,0.000840847,0.00121042,0.00126179,0.0011589,0.00278975,0.00280162,0.00278157
SPN01_MRC_0011_01,0.0010266,0.00110449,0.000948269,0.0012816,0.00135536,0.00121456,0.00131581,0.00183331,0.00193917,0.000952571,0.000946916,0.000958621,0.0023156,0.00237251,0.00225826,0.00101992,0.0010413,0.000999275,0.00112848,0.00112513,0.0011321,0.00127854,0.00119973,0.00135702,0.00247842,0.00133124,0.00134053,0.00133532,0.00191867,0.00114802,0.00118229,0.00111549,0.00132209,0.00116554,0.00145254,0.00134855,0.0013202,0.0013738,0.00079055,0.000801615,0.000779596,0.00158722,0.00183328,0.00134872,0.00143732,0.00147388,0.00140284,0.0021008,0.000842399,0.000829868,0.000854452,0.0011893,0.00140869,0.000976627,0.000951691,0.000984301,0.000919763,0.00129354,0.0013405,0.00124644,0.00230364,0.00242,0.00222345
SPN01_CMH_0023_01,0.00101721,0.00109763,0.000936322,0.00141375,0.00168769,0.00116475,0.00150254,0.00201304,0.00218088,0.00110957,0.00120325,0.00100936,0.00336255,0.00341288,0.00331183,0.00109566,0.00112378,0.0010685,0.00196953,0.00182827,0.00212081,0.00115966,0.00121552,0.00110404,0.00311126,0.00170194,0.00154731,0.00163404,0.00194552,0.00132802,0.00147657,0.00118704,0.00148093,0.00151841,0.00144969,0.0015491,0.00151794,0.00157686,0.000959481,0.00100663,0.000912808,0.00188007,0.00216829,0.00160071,0.00167876,0.00183906,0.00152762,0.00259812,0.000949465,0.000957977,0.000941278,0.00145609,0.00181073,0.0011123,0.000976076,0.00099184,0.000960641,0.00154428,0.001801,0.00128676,0.00303821,0.00315595,0.00295707
SPN01_ZHH_0011_01,0.00097655,0.00101406,0.000938824,0.000911327,0.000950173,0.000876017,0.00128831,0.00145126,0.00173715,0.000958059,0.000968299,0.000947105,0.00281208,0.00298495,0.00263788,0.00099405,0.00098348,0.00100426,0.00148046,0.00159017,0.00136297,0.00111196,0.00105953,0.00116417,0.00298465,0.00126942,0.00125298,0.0012622,0.00139128,0.000977059,0.000948242,0.00100441,0.0014706,0.00126135,0.00164497,0.00141296,0.00130975,0.00150489,0.000804899,0.000795281,0.000814421,0.00179321,0.0016354,0.00194617,0.00124767,0.00113237,0.00135639,0.00240417,0.00079707,0.000786076,0.000807645,0.000766181,0.00074975,0.000782109,0.000932178,0.000978762,0.000886567,0.00118815,0.00115263,0.00122377,0.00294092,0.00280419,0.00303516
SPN01_MRC_0006_01,0.00140533,0.00142988,0.00138063,0.00247926,0.00248946,0.00246999,0.00154876,0.00233646,0.0023397,0.00106241,0.00108849,0.00103452,0.00208775,0.00209075,0.00208473,0.00135233,0.00136009,0.00134484,0.00110145,0.000974723,0.00118127,0.00129999,0.00121394,0.00138568,0.00272726,0.00170486,0.00178172,0.00173861,0.00247233,0.00164151,0.00163958,0.00164335,0.00168914,0.00146755,0.0018738,0.00147767,0.00147501,0.00148004,0.000887447,0.000905699,0.000869379,0.00206534,0.00219002,0.0019445,0.00169063,0.00169049,0.00169076,0.00223888,0.00122781,0.00122258,0.00123284,0.00260558,0.00274613,0.00246933,0.0011804,0.00116476,0.00119571,0.00135699,0.0013713,0.00134263,0.00265617,0.00263763,0.00266895
SPN01_ZHH_P001_01,0.00146814,0.00148498,0.00145121,0.00281301,0.00283544,0.00279263,0.00152693,0.00259566,0.00261824,0.000939696,0.000943125,0.000936028,0.00269106,0.00256875,0.00281431,0.00141231,0.00141677,0.00140801,0.0020053,0.00212568,0.00187637,0.00116597,0.00115003,0.00118185,0.00313896,0.0018651,0.00178841,0.00183143,0.00272998,0.00187434,0.00188363,0.00186553,0.00137342,0.00115339,0.00155677,0.00151492,0.00148068,0.00154542,0.00102528,0.00106492,0.000986043,0.00243721,0.00254113,0.00233649,0.0019343,0.00193676,0.00193198,0.00256057,0.00129635,0.00130642,0.00128667,0.00299802,0.0031604,0.00284061,0.00103,0.00106064,0.001,0.00150712,0.00152488,0.0014893,0.00300364,0.00299218,0.00301154
SPN01_ZHH_0019_01,0.0010731,0.00116478,0.000980888,0.00110464,0.00125084,0.000971739,0.00133301,0.00210318,0.00222162,0.000887299,0.000913854,0.000858894,0.00254583,0.00267175,0.00241894,0.00110913,0.00112882,0.00109011,0.00148622,0.00138888,0.00159046,0.00111176,0.00109566,0.0011278,0.00316962,0.00144472,0.00134132,0.00139932,0.00187278,0.00117205,0.00128112,0.00106853,0.00140443,0.00130494,0.00148733,0.00152162,0.00146656,0.00157067,0.000926101,0.000963278,0.000889299,0.00197479,0.00232441,0.00163592,0.0015319,0.00169769,0.00137558,0.00266109,0.000936329,0.000919514,0.000952503,0.00147219,0.00179964,0.00115477,0.000928711,0.00095524,0.000902736,0.00131524,0.00145542,0.00117463,0.00324149,0.00340595,0.00312814
SPN01_CMH_0002_01,0.00105706,0.00110954,0.00100427,0.00105272,0.00112539,0.000986664,0.00132759,0.00198344,0.00212387,0.000949886,0.000932675,0.000968297,0.00236862,0.00230713,0.00243059,0.00110926,0.00110656,0.00111188,0.0011655,0.00112875,0.00120486,0.001153,0.00113269,0.00117323,0.00290386,0.00142184,0.00141646,0.00141948,0.00192693,0.00116612,0.00117208,0.00116047,0.00105525,0.00115299,0.000973807,0.00152503,0.00148556,0.00156019,0.000938117,0.000943227,0.000933059,0.00179266,0.00196097,0.00162953,0.00155111,0.00149665,0.00160246,0.00247298,0.000953002,0.00091474,0.000989805,0.00112597,0.0012735,0.000982954,0.000930756,0.000962059,0.000900107,0.00141992,0.00152171,0.00131782,0.0029607,0.00304729,0.00290103
SPN01_ZHH_0018_01,0.00101607,0.00105285,0.000979081,0.000884228,0.000892888,0.000876356,0.00134313,0.00153566,0.00171704,0.000912038,0.000912091,0.000911981,0.00302124,0.00320118,0.00283993,0.00099714,0.00101055,0.000984186,0.00191351,0.00197279,0.00185003,0.00110804,0.00105333,0.00116252,0.00273932,0.00141049,0.00138544,0.00139949,0.00157018,0.000965945,0.000990518,0.000942623,0.00144644,0.00126639,0.00159649,0.00134045,0.00135262,0.00132961,0.000851563,0.000903495,0.000800154,0.00135841,0.00134922,0.00136732,0.00118414,0.00119305,0.00117574,0.00208261,0.000798228,0.000791798,0.000804413,0.000749546,0.000744269,0.000754662,0.000896571,0.000906436,0.000886912,0.00120767,0.00124382,0.00117141,0.00256268,0.00271429,0.0024582
SPN01_CMH_0020_01,0.00118587,0.00124156,0.00112986,0.00146213,0.00159545,0.00134094,0.0014633,0.00217207,0.00230203,0.000960042,0.000958342,0.00096186,0.00327662,0.00353449,0.00301677,0.00117673,0.00117595,0.00117748,0.00183694,0.00183452,0.00183953,0.00122815,0.00111132,0.00134449,0.00313144,0.00138313,0.00142351,0.00140086,0.00225928,0.00130147,0.00131072,0.00129268,0.00148789,0.00128592,0.00165619,0.00151446,0.00149536,0.00153147,0.000988289,0.000980204,0.000996293,0.00165735,0.00187752,0.00144395,0.00151089,0.00143074,0.00158646,0.00251438,0.000991727,0.000941593,0.00103995,0.00153223,0.00184664,0.00122745,0.000977558,0.000949061,0.00100546,0.00139392,0.00144021,0.00134748,0.00277269,0.00302594,0.00259816
SPN01_CMH_0015_01,0.00113412,0.00121782,0.00104994,0.00141644,0.0016391,0.00121404,0.00128817,0.00209331,0.00220261,0.000889756,0.00088962,0.000889902,0.0027055,0.00265481,0.00275657,0.00112831,0.00116554,0.00109235,0.00159647,0.00150898,0.00169016,0.00101547,0.000994799,0.00103606,0.00276496,0.00131215,0.00135015,0.00132884,0.00204711,0.00127727,0.0013558,0.00120273,0.00114386,0.00107709,0.0011995,0.0014612,0.00145737,0.00146461,0.000933908,0.000999041,0.000869432,0.00195916,0.00241157,0.00152064,0.00154419,0.00150915,0.00157723,0.00247609,0.000949563,0.000960259,0.000939275,0.00171604,0.00225188,0.0011966,0.000926292,0.000954019,0.000899144,0.0012223,0.00130172,0.00114264,0.00294231,0.00302842,0.00288297
SPN01_ZHH_0010_01,0.00129047,0.00129701,0.00128389,0.0019084,0.00203482,0.00179349,0.00150114,0.00209555,0.00228954,0.000995863,0.000997945,0.000993635,0.00311941,0.00338599,0.00285079,0.00119085,0.00116612,0.00121474,0.00130846,0.0013904,0.0012207,0.00117838,0.00115464,0.00120203,0.00305078,0.00144539,0.00141281,0.00143108,0.0024088,0.0014685,0.00151896,0.00142062,0.00158847,0.00136342,0.00177602,0.00143771,0.0013955,0.00147531,0.000981709,0.000995147,0.000968407,0.00192092,0.00206228,0.0017839,0.00160207,0.00164517,0.00156143,0.00246125,0.000950948,0.000901309,0.000998693,0.00187127,0.0022477,0.00150636,0.00106295,0.00110708,0.00101975,0.00147541,0.00153303,0.00141762,0.00291407,0.0029046,0.00292059
SPN01_ZHH_0006_01,0.00106167,0.00108007,0.00104316,0.00103961,0.00104929,0.00103081,0.00153943,0.00190891,0.0020595,0.00110584,0.00110655,0.00110508,0.00305205,0.00328368,0.00281865,0.00111516,0.00109595,0.00113371,0.00147358,0.0015054,0.0014395,0.00120782,0.0012325,0.00118325,0.00279029,0.00159966,0.00173423,0.00165875,0.00175896,0.0011832,0.00116197,0.00120335,0.00138216,0.00142184,0.00134909,0.00160332,0.00153728,0.00166214,0.000958315,0.000982272,0.0009346,0.00195277,0.00204405,0.00186429,0.00159496,0.00149211,0.00169193,0.00250477,0.000922887,0.00089487,0.000949836,0.00100154,0.00103719,0.000966988,0.00111579,0.00113962,0.00109246,0.00150988,0.00155669,0.00146293,0.00290973,0.00283314,0.00296252
SPN01_ZHH_0022_01,0.00150281,0.00139384,0.0016124,0.00258038,0.0025306,0.00262562,0.00152227,0.00245767,0.00249052,0.00110168,0.00105037,0.00115657,0.00275872,0.00285836,0.00265832,0.00140461,0.00132585,0.00148068,0.001361,0.00140168,0.00131743,0.00142463,0.00129178,0.00155694,0.00316728,0.00170684,0.00172435,0.00171453,0.00251293,0.00176351,0.00172267,0.00180227,0.00188492,0.001548,0.00216568,0.00160833,0.00159494,0.00162026,0.00100948,0.00103596,0.00098326,0.00186285,0.00197836,0.00175088,0.00183366,0.00175774,0.00190524,0.00251783,0.00118863,0.00111377,0.00126064,0.00281039,0.00291479,0.00270919,0.00110631,0.00112396,0.00108903,0.00153533,0.00148585,0.00158497,0.00293366,0.0029326,0.00293439
SPN01_MRC_0012_01,0.000882851,0.000926237,0.000839215,0.00132054,0.00138574,0.00126127,0.00129213,0.00195044,0.00184796,0.000953137,0.00096846,0.000936747,0.00176352,0.00180925,0.00171743,0.00100877,0.00100629,0.00101117,0.00103307,0.00100476,0.00106369,0.00121842,0.00116183,0.00127477,0.0025131,0.00123208,0.0012407,0.00123586,0.00143634,0.00113825,0.00112862,0.00114738,0.00146504,0.00131797,0.0015876,0.00138375,0.00135226,0.00141181,0.000899053,0.00091827,0.00088003,0.00143688,0.00159368,0.00128489,0.00123805,0.00112982,0.0013401,0.00203391,0.000956639,0.000926549,0.000985581,0.00201112,0.00203178,0.0019911,0.000974308,0.000958387,0.000989896,0.00118347,0.00118235,0.00118459,0.00246623,0.00242053,0.00249772
SPN01_MRC_0001_01,0.000855714,0.000846504,0.000864977,0.000794069,0.000771064,0.000814979,0.00118052,0.00139637,0.00149235,0.000876071,0.000870275,0.000882272,0.00195439,0.0019749,0.00193373,0.000899988,0.000867736,0.000931135,0.000986772,0.00103173,0.000938458,0.00113629,0.00112148,0.00115103,0.0023587,0.0012471,0.0012423,0.00124499,0.001186,0.000893205,0.00087601,0.000909524,0.00128409,0.00123357,0.00132619,0.00121944,0.00112942,0.00129962,0.000722046,0.000690994,0.000752785,0.00145443,0.0014625,0.0014466,0.00119635,0.00120497,0.00118822,0.00186725,0.000784613,0.000762122,0.000806247,0.000766424,0.000736133,0.000795787,0.000940925,0.000930483,0.000951148,0.00128299,0.00135172,0.00121404,0.00219408,0.00216284,0.00221561
SPN01_ZHH_0009_01,0.001001,0.00101337,0.000988553,0.000932513,0.000961337,0.000906312,0.00130342,0.00187283,0.00199478,0.000933466,0.000944205,0.000921979,0.00252896,0.00258105,0.00247648,0.00103915,0.00103912,0.00103917,0.00190032,0.00192568,0.00187316,0.00103561,0.00103284,0.00103836,0.0027845,0.00135027,0.00127189,0.00131585,0.00165979,0.00107263,0.0010791,0.00106648,0.00118617,0.00113504,0.00122878,0.00145388,0.00141799,0.00148585,0.000872876,0.000915913,0.000830274,0.0019261,0.00212213,0.00173609,0.00145105,0.0013942,0.00150466,0.00242806,0.000867587,0.000880466,0.0008552,0.00121524,0.0013958,0.00104021,0.000896275,0.000897325,0.000895247,0.00130052,0.00136883,0.00123199,0.00300598,0.00300409,0.00300729
SPN01_ZHH_0001_01,0.000940674,0.000937404,0.000943963,0.000928724,0.000943996,0.000914842,0.00129118,0.0014253,0.00163578,0.00100367,0.00101233,0.000994414,0.00271992,0.00288379,0.00255479,0.000959154,0.000954343,0.0009638,0.00186124,0.00187479,0.00184673,0.0010908,0.00107758,0.00110397,0.00285757,0.00131734,0.00119943,0.00126557,0.00135068,0.000982733,0.000988145,0.000977596,0.00143621,0.00145272,0.00142246,0.00130138,0.00132005,0.00128474,0.000820981,0.000821058,0.000820905,0.00133199,0.00144131,0.00122603,0.00122917,0.00123509,0.00122358,0.00215101,0.000802945,0.000792078,0.000813398,0.000802753,0.000778853,0.000825922,0.000963762,0.00095181,0.000975464,0.00125051,0.00122441,0.00127669,0.00245476,0.00287702,0.00216374
SPN01_MRC_P002_01,0.00102716,0.00113433,0.000919375,0.00147328,0.00187732,0.00110601,0.00129549,0.00190078,0.00193604,0.000928211,0.000901973,0.000956278,0.00213536,0.00217507,0.00209534,0.00105304,0.00109454,0.00101296,0.000928011,0.000847895,0.00101359,0.00109587,0.00108195,0.00110974,0.00251329,0.00146193,0.00120433,0.00134882,0.00171044,0.00123118,0.00138129,0.00108873,0.00131048,0.00123343,0.00137468,0.00140303,0.00136945,0.00143294,0.000872071,0.000879846,0.000864375,0.00179022,0.00217416,0.00141807,0.00141291,0.00149991,0.00133089,0.00216348,0.000901149,0.000912065,0.000890649,0.00153635,0.0019851,0.00110133,0.000940905,0.000959532,0.000922668,0.00140549,0.00153104,0.00127955,0.0025155,0.00252038,0.00251214
SPN01_ZHH_0004_01,0.00112344,0.00112167,0.00112522,0.0012474,0.0011406,0.00134448,0.0013952,0.00215173,0.0022714,0.000926454,0.000936224,0.000916004,0.00273286,0.00292079,0.00254349,0.0011359,0.00109531,0.00117511,0.00123999,0.00118678,0.00129697,0.00110855,0.0010881,0.00112891,0.00323476,0.0013803,0.00155539,0.00145718,0.00214704,0.00116404,0.00111435,0.00121121,0.0011224,0.00104124,0.00119004,0.00151231,0.00144151,0.00157538,0.000934784,0.000931374,0.000938159,0.00177686,0.00179527,0.00175902,0.00135193,0.00131089,0.00139062,0.0025344,0.000955229,0.00089285,0.00101523,0.00131569,0.00123897,0.00139007,0.000979023,0.000991791,0.000966522,0.00120798,0.00126091,0.00115489,0.00296341,0.00294866,0.00297358
SPN01_CMH_P003_01,0.0011926,0.00127155,0.00111319,0.00205414,0.00240586,0.00173443,0.00160792,0.00227528,0.00235081,0.00106692,0.00112513,0.00100466,0.00325401,0.00335386,0.0031534,0.00123234,0.00122832,0.00123623,0.00176704,0.00178728,0.00174537,0.0012607,0.00125025,0.0012711,0.00315282,0.00183155,0.0017105,0.0017784,0.00229054,0.00157602,0.00167593,0.0014812,0.00150801,0.0015193,0.0014986,0.00157396,0.00153015,0.00161299,0.000991504,0.00101146,0.00097175,0.00179837,0.00189246,0.00170717,0.00178695,0.00176119,0.00181124,0.00250234,0.0011004,0.00102849,0.00116957,0.00240726,0.00260039,0.00222005,0.00108088,0.00107171,0.00108986,0.00163115,0.00175816,0.00150375,0.00310246,0.00317026,0.00305573
SPN01_ZHH_0020_01,0.0011315,0.00114431,0.00111862,0.00123907,0.00131044,0.00117419,0.00145426,0.00214066,0.00222751,0.000943336,0.000972266,0.00091239,0.00341448,0.0035129,0.0033153,0.00116645,0.00115232,0.0011801,0.00225453,0.00219108,0.00232249,0.00113844,0.00111223,0.00116455,0.00292677,0.00148968,0.00150878,0.00149807,0.00208153,0.00120202,0.00123778,0.00116808,0.00140548,0.00118282,0.00159103,0.00153949,0.0014834,0.00158946,0.000971562,0.000979859,0.000963349,0.00171993,0.00181244,0.00163027,0.00143807,0.00147953,0.00139897,0.00246259,0.00101285,0.000996968,0.00102812,0.00190226,0.00223049,0.00158408,0.0010309,0.0010738,0.0009889,0.00138388,0.00146935,0.00129814,0.00299526,0.00309426,0.00292703
SPN01_MRC_0016_01,0.0009828,0.00101679,0.000948615,0.00109797,0.00107167,0.00112187,0.00126484,0.00165995,0.00183868,0.000932115,0.000920485,0.000944556,0.00210263,0.00222636,0.00197795,0.000969472,0.000970202,0.000968767,0.000895552,0.000911804,0.000877609,0.0011104,0.00103419,0.00118629,0.00249652,0.00120454,0.00117139,0.00118998,0.00187037,0.00103814,0.00101418,0.00106088,0.00140705,0.00127554,0.00151664,0.00129171,0.00127837,0.00130359,0.000784489,0.000789958,0.000779075,0.00159686,0.00166674,0.00152913,0.00127871,0.00122996,0.00132468,0.00205894,0.000787774,0.000763354,0.000811262,0.000811391,0.000809681,0.000813049,0.000987268,0.000976827,0.00099749,0.00122188,0.00120278,0.00124103,0.00251293,0.00253797,0.00249567
SPN01_CMH_0004_01,0.000879123,0.000898242,0.000859894,0.000891825,0.000880062,0.000902518,0.00134641,0.00171415,0.00189091,0.000955442,0.000955394,0.000955493,0.00319223,0.00326893,0.00311495,0.000975334,0.000973256,0.000977341,0.00134865,0.00125154,0.00145265,0.0010181,0.00102152,0.00101469,0.00301826,0.00146143,0.00136545,0.00141929,0.00141104,0.000982982,0.00099692,0.000969753,0.00133717,0.00118958,0.00146016,0.00149133,0.00145442,0.00152421,0.00084328,0.000855833,0.000830853,0.00179704,0.0020903,0.00151279,0.00124075,0.00128425,0.00119973,0.00251444,0.000816787,0.000820501,0.000813215,0.000787466,0.000788248,0.000786708,0.000980957,0.00104425,0.000918987,0.00118467,0.0012602,0.0011089,0.0027834,0.0024404,0.00301979
SPN01_ZHH_P003_01,0.00128531,0.00134726,0.00122301,0.00237173,0.00257406,0.00218781,0.00165329,0.00229016,0.00238535,0.001075,0.00113877,0.00100678,0.00331771,0.00340342,0.00323135,0.0012597,0.00125737,0.00126195,0.00187531,0.00197991,0.00176329,0.00131811,0.00130635,0.00132982,0.00317082,0.00183465,0.00170921,0.00177957,0.00248579,0.00166366,0.00172113,0.00160912,0.00174213,0.00179853,0.00169513,0.00157711,0.0015563,0.00159565,0.000968589,0.000998083,0.000939393,0.00179514,0.00189219,0.00170108,0.00177366,0.00175582,0.00179048,0.00243635,0.00106666,0.00100522,0.00112575,0.00249954,0.00267537,0.00232909,0.00110924,0.00110022,0.00111808,0.00167599,0.00175114,0.00160061,0.00302594,0.00307834,0.00298983
SPN01_ZHH_0005_01,0.00094549,0.00100228,0.000888372,0.00107676,0.00111904,0.00103833,0.0011936,0.00163025,0.00187415,0.000877208,0.000871602,0.000883205,0.00273416,0.00253047,0.00293941,0.000975982,0.000984892,0.000967377,0.0017119,0.00166992,0.00175686,0.000990435,0.00098074,0.00100009,0.00265998,0.00137637,0.00131061,0.0013475,0.00174055,0.001043,0.00106962,0.00101773,0.0010854,0.00111957,0.00105693,0.00137421,0.00131968,0.00142278,0.000828874,0.000842013,0.000815867,0.00162036,0.00188641,0.00136249,0.00126298,0.00129752,0.00123041,0.00231504,0.000804334,0.000798451,0.000809992,0.000980004,0.00112278,0.000841598,0.000854725,0.000838364,0.000870743,0.00127064,0.00137379,0.00116717,0.00259275,0.00284865,0.00241638
SPN01_CMH_0016_01,0.00103524,0.00111326,0.000956777,0.0010536,0.00106507,0.00104317,0.00132356,0.00171755,0.00201796,0.000964231,0.000984613,0.000942429,0.00289943,0.00294622,0.00285228,0.00105181,0.00106759,0.00103657,0.00129323,0.0012262,0.00136502,0.00110969,0.00112631,0.00109314,0.00317229,0.00139088,0.00142734,0.00140689,0.00186971,0.00110504,0.00110018,0.00110965,0.00123277,0.00126454,0.00120629,0.00147157,0.00140657,0.00152947,0.000859632,0.00086375,0.000855555,0.0019283,0.00187459,0.00198036,0.00144814,0.00142252,0.00147229,0.00254806,0.000853338,0.000846478,0.000859937,0.000825269,0.000823639,0.00082685,0.000967047,0.000999905,0.000934875,0.00116533,0.00128357,0.00104672,0.00328282,0.00345503,0.00316414
SPN01_ZHH_0021_01,0.00112696,0.00120159,0.0010519,0.00120115,0.001203,0.00119946,0.00142156,0.00207079,0.00223073,0.000964427,0.000980584,0.000947145,0.00314253,0.00307591,0.00320967,0.00110879,0.00112514,0.00109301,0.00172735,0.00195626,0.00148219,0.00127857,0.00124913,0.00130789,0.00323572,0.00163008,0.00152238,0.00158279,0.00206947,0.00123208,0.00121987,0.00124367,0.0014881,0.00138113,0.00157724,0.00147519,0.00140475,0.00153793,0.000885441,0.000903942,0.000867126,0.00185639,0.00207525,0.00164425,0.00167459,0.00162082,0.00172528,0.0025783,0.000898798,0.000898076,0.000899492,0.0010354,0.00118129,0.000893968,0.00106291,0.00110462,0.00102208,0.00147389,0.00159201,0.0013554,0.00296301,0.00301998,0.00292374
SPN01_ZHH_0015_01,0.00124726,0.00122152,0.00127315,0.00155303,0.00147995,0.00161946,0.0013935,0.00208453,0.00226524,0.000943327,0.000959066,0.000926492,0.00302329,0.00317341,0.00287201,0.00117642,0.0011469,0.00120492,0.00137203,0.00116143,0.00159757,0.00110909,0.00108899,0.00112911,0.00283597,0.001487,0.00157407,0.00152523,0.00232302,0.00129729,0.00125671,0.0013358,0.00126283,0.00117912,0.00133258,0.0014962,0.00146354,0.00152529,0.000922655,0.000957645,0.000888019,0.00161861,0.00154394,0.00169098,0.00148365,0.00139936,0.00156313,0.00246749,0.000931213,0.000903558,0.000957813,0.00172602,0.00177535,0.0016782,0.000926481,0.000922595,0.000930285,0.00138695,0.00140257,0.00137128,0.00305652,0.00307694,0.00304244
SPN01_MRC_0005_01,0.00122913,0.00128553,0.00117241,0.00226174,0.0024347,0.00210452,0.00132903,0.00216399,0.00218907,0.000873809,0.000897763,0.000848186,0.00218916,0.00217397,0.00220446,0.00118686,0.00120983,0.00116468,0.000959138,0.000931716,0.000988269,0.00133578,0.00132624,0.00134528,0.00269588,0.00156861,0.00134909,0.00147222,0.00222813,0.00154348,0.00160212,0.00148783,0.0016718,0.00149025,0.00182309,0.00138732,0.00137479,0.00139848,0.000910639,0.000926813,0.000894628,0.00160583,0.00178229,0.00143479,0.00156937,0.0015989,0.00154152,0.0021925,0.00103556,0.00104064,0.00103068,0.00241902,0.0027774,0.00207162,0.00101786,0.00105016,0.000986237,0.00161878,0.00179274,0.00144428,0.00259135,0.00263802,0.00255919
SPN01_MRC_0015_01,0.00110093,0.0011475,0.00105409,0.00156708,0.00178036,0.00137322,0.00119238,0.00195278,0.00201481,0.000806735,0.000823565,0.000788733,0.00191703,0.00177031,0.00206487,0.00106958,0.00108867,0.00105115,0.000850439,0.000790955,0.00091967,0.00102183,0.00103265,0.00101106,0.00246213,0.00124353,0.00121194,0.00122966,0.0020465,0.00125909,0.00134929,0.00117348,0.00109604,0.00110821,0.00108589,0.00133382,0.00132927,0.00133787,0.000846979,0.00088761,0.000806758,0.00175883,0.00177657,0.00173824,0.00143718,0.00148391,0.00139312,0.00207483,0.000897592,0.000901299,0.000894027,0.00191234,0.002333,0.00150455,0.000895056,0.000904627,0.000885686,0.00132676,0.00132904,0.00132447,0.00246139,0.00243888,0.0024769
SPN01_ZHH_0028_01,0.00117136,0.00112021,0.0012228,0.00106444,0.00093196,0.00118487,0.00127479,0.00180957,0.0020199,0.000884013,0.00090143,0.000865383,0.00264434,0.00261134,0.0026776,0.00108935,0.00104106,0.00113599,0.00118674,0.00107878,0.00130236,0.0010548,0.00106628,0.00104337,0.00271367,0.00140601,0.00135956,0.00138561,0.00203872,0.00109522,0.00100745,0.00117852,0.00103159,0.00111856,0.000959118,0.00140352,0.00133755,0.00146228,0.000817786,0.000801118,0.000834285,0.00164931,0.00169469,0.00160533,0.00145546,0.00133317,0.00157077,0.00229374,0.000834463,0.000802494,0.000865212,0.000892882,0.000865138,0.000919776,0.000876829,0.000889178,0.000864738,0.00125277,0.00131109,0.00119427,0.0027361,0.00276254,0.00271787
SPN01_MRC_0020_01,0.00116269,0.00119388,0.00113132,0.00215917,0.00233399,0.00200026,0.00116644,0.0019497,0.00200497,0.000820057,0.000850809,0.000787163,0.00180876,0.00195843,0.00165794,0.00107506,0.00109357,0.00105718,0.000951223,0.000960353,0.000937452,0.00095101,0.000950316,0.000951702,0.00259573,0.00109616,0.00103908,0.0010711,0.00220376,0.00135106,0.00143672,0.00126975,0.00108581,0.000961845,0.00118912,0.00127073,0.00127961,0.00126282,0.000807322,0.000851946,0.000763148,0.00141555,0.00157439,0.00126159,0.00118052,0.00125935,0.0011062,0.00192311,0.000875134,0.000885548,0.000865117,0.00209197,0.00258071,0.00161819,0.000809762,0.000820408,0.000799338,0.00114397,0.00122055,0.00106716,0.00204106,0.00223296,0.0019088
SPN01_CMH_0030_01,0.00116573,0.00123635,0.00109471,0.00145441,0.00160004,0.00132203,0.00141269,0.00213224,0.00226831,0.000958244,0.00100031,0.000913247,0.0033,0.00331146,0.00328845,0.00117289,0.00117621,0.00116969,0.00178712,0.00173831,0.00183939,0.00111155,0.00107427,0.00114867,0.00310562,0.00146611,0.00142263,0.00144702,0.00207663,0.00124328,0.00131388,0.00117627,0.00136955,0.00132798,0.00140419,0.00151898,0.00145031,0.00158015,0.000930119,0.00096998,0.00089066,0.00181022,0.00193704,0.0016873,0.00140174,0.00144876,0.00135741,0.00260725,0.00100193,0.00097069,0.00103198,0.00179623,0.00204106,0.0015589,0.000964685,0.00096012,0.000969154,0.00130395,0.00145217,0.00115527,0.00311006,0.00307082,0.0031371
SPN01_MRC_0022_01,0.000796036,0.000835753,0.000756089,0.000784037,0.000794886,0.000774176,0.00107212,0.0013076,0.00143065,0.000820591,0.000849897,0.000789243,0.00193901,0.00207123,0.00180578,0.000848952,0.000858465,0.000839765,0.000883788,0.000857846,0.000911571,0.000918617,0.000951181,0.000886188,0.00226012,0.00110648,0.00114199,0.00112207,0.00104275,0.000861441,0.000865446,0.00085764,0.00122197,0.00109691,0.00132619,0.00118177,0.00113852,0.0012203,0.000727198,0.000733555,0.000720905,0.00143943,0.00157641,0.00130666,0.00109885,0.00109574,0.00110178,0.00190743,0.000736395,0.000745425,0.000727709,0.000724281,0.000739625,0.000709407,0.00086153,0.000883045,0.000840464,0.0011579,0.00121984,0.00109576,0.00216703,0.00208252,0.00222528
SPN01_MRC_0026_01,0.0010034,0.00111188,0.0008943,0.00124932,0.00147103,0.00104779,0.00123701,0.00198528,0.00199201,0.000868208,0.000920808,0.000811943,0.00219077,0.00238923,0.00199078,0.00101643,0.00107436,0.000960477,0.000754247,0.000722633,0.000797897,0.00100351,0.00107002,0.000937283,0.00251262,0.00123244,0.00118057,0.00120966,0.0019093,0.00109721,0.00119915,0.00100046,0.00108395,0.00116157,0.00101926,0.00131999,0.00132317,0.00131715,0.000803522,0.00081646,0.000790715,0.00171656,0.00206262,0.00138114,0.00129214,0.00139535,0.00119482,0.0020669,0.000874071,0.000907466,0.000841949,0.00135487,0.00175051,0.000971347,0.000934646,0.000982391,0.000887899,0.00110839,0.00123774,0.000978647,0.00248826,0.00271881,0.00232936
SPN01_CMH_0026_01,0.000952056,0.000942926,0.000961238,0.0010393,0.00100511,0.00107038,0.00121078,0.00168978,0.0018119,0.000918058,0.000932178,0.000902955,0.00283785,0.00294763,0.00272722,0.000989847,0.000966995,0.00101192,0.00146287,0.00156775,0.00135055,0.000944758,0.000973548,0.000916087,0.0027017,0.0012608,0.00134027,0.00129569,0.00144073,0.000992789,0.000983086,0.001002,0.00122777,0.00133161,0.00114124,0.00138357,0.00131053,0.00144864,0.000827359,0.000829307,0.000825431,0.00150448,0.00156518,0.00144565,0.00114212,0.00114831,0.00113629,0.00227412,0.000828746,0.000823963,0.000833346,0.00086268,0.000863735,0.000861658,0.000855676,0.000881903,0.000829998,0.00107748,0.00112111,0.00103371,0.00289672,0.00298642,0.0028349
SPN01_CMH_0029_01,0.0010102,0.00105091,0.000969256,0.00102118,0.0010448,0.000999704,0.001399,0.00192183,0.00206525,0.0010105,0.00102912,0.000990587,0.00305875,0.00315848,0.00295825,0.001054,0.00105203,0.00105591,0.0015211,0.00162199,0.00141305,0.00112629,0.00109934,0.00115312,0.00283716,0.00144208,0.00139613,0.0014219,0.00178626,0.00108766,0.00108736,0.00108794,0.00146254,0.00144984,0.00147312,0.00146038,0.00140691,0.00150801,0.000909784,0.000934008,0.000885805,0.0016852,0.00176802,0.00160493,0.00136581,0.00131603,0.00141274,0.00248357,0.000893123,0.000876911,0.000908717,0.000975922,0.00106697,0.000887661,0.00097502,0.000956356,0.000993294,0.00132779,0.00143916,0.00121608,0.00297032,0.00300203,0.00294847
SPN01_MRC_0030_01,0.000800835,0.000847047,0.000754357,0.000809973,0.000782594,0.00083486,0.00114952,0.00126139,0.00146231,0.000902021,0.000908081,0.000895539,0.00196094,0.00196227,0.0019596,0.000857217,0.000874305,0.000840714,0.000945631,0.000859513,0.00103786,0.00104379,0.00103693,0.00105062,0.00223072,0.00119096,0.0011943,0.00119243,0.00122086,0.00092011,0.000931484,0.000909315,0.0012757,0.00115823,0.00137359,0.0011866,0.00117476,0.00119714,0.000728917,0.00072424,0.000733546,0.00149544,0.0016907,0.00130617,0.00125813,0.001331,0.00118942,0.0019298,0.000750341,0.00075636,0.000744551,0.000706925,0.000698906,0.000714699,0.000914482,0.000925295,0.000903895,0.00125461,0.00130245,0.00120663,0.00235549,0.00261992,0.00217325
SPN01_CMH_0012_01,0.000888459,0.000904281,0.000872546,0.000924454,0.0009001,0.000946592,0.0013113,0.00185232,0.00195196,0.000968114,0.000953125,0.000984147,0.00282315,0.00311745,0.0025266,0.00099708,0.000980865,0.00101274,0.00199854,0.00211692,0.00187176,0.00104163,0.00106059,0.00102275,0.00265369,0.00146061,0.00127777,0.00138033,0.00151361,0.00101457,0.000991326,0.00103663,0.00125023,0.00128718,0.00121943,0.00148625,0.0014506,0.001518,0.000896028,0.000917141,0.000875128,0.00160523,0.00164444,0.00156722,0.00124618,0.0011719,0.00131622,0.00243664,0.000866389,0.0008356,0.000896004,0.0010824,0.00106657,0.00109774,0.000943005,0.000963658,0.000922784,0.00119028,0.00132678,0.00105335,0.00283646,0.00294985,0.00275831
SPN01_MRC_0027_01,0.000886133,0.00092626,0.000845774,0.000798112,0.000820269,0.000777971,0.00118642,0.00152907,0.00170461,0.000830588,0.000874337,0.000783791,0.00210184,0.00216902,0.00203414,0.000935718,0.000938154,0.000933366,0.00110238,0.00108949,0.00111628,0.00108103,0.00109758,0.00106454,0.00230742,0.0012639,0.00119071,0.00123176,0.00151868,0.00093194,0.000937833,0.000926347,0.00124717,0.00122918,0.00126217,0.0013575,0.00132434,0.00138704,0.000774337,0.000777778,0.000770931,0.00178643,0.00173827,0.00183312,0.00125402,0.00124893,0.00125881,0.00209318,0.000773389,0.000759896,0.000786367,0.000715461,0.000699309,0.000731119,0.000901396,0.000927054,0.000876274,0.00125983,0.00128573,0.00123384,0.00252441,0.00241635,0.00259888
SPN01_CMH_0027_01,0.00106992,0.0011302,0.00100929,0.00139573,0.00152608,0.00127724,0.00139181,0.00208253,0.00218809,0.000964508,0.000963767,0.0009653,0.00323444,0.00340904,0.00305851,0.00113442,0.00113444,0.0011344,0.00199884,0.00203914,0.00195567,0.00123503,0.00121716,0.00125282,0.0030032,0.00167069,0.00160084,0.00164002,0.00188861,0.0013288,0.00137103,0.00128872,0.0013052,0.00132797,0.00128623,0.0015789,0.00152797,0.00162426,0.000957451,0.000971346,0.000943696,0.00218166,0.00222374,0.00214087,0.00170184,0.00170358,0.00170019,0.00257068,0.00097715,0.000943714,0.00100931,0.0015442,0.00174279,0.00135168,0.000967143,0.000960726,0.000973426,0.00149583,0.00166145,0.00132969,0.00307734,0.00311706,0.00304996
SPN01_MRC_P003_01,0.00111147,0.00120731,0.00101507,0.00184148,0.00223438,0.00148434,0.00144861,0.00206907,0.00208994,0.000966922,0.00104842,0.000879745,0.00221661,0.00223223,0.00220088,0.00112295,0.00114257,0.001104,0.00108929,0.000861972,0.00130839,0.00121677,0.00126054,0.00117319,0.00268696,0.00155801,0.00142499,0.0014996,0.00211909,0.00137705,0.00149766,0.00126258,0.00136275,0.00143502,0.00130252,0.00142285,0.00140532,0.00143846,0.000848414,0.000867961,0.000829064,0.00161776,0.0017035,0.00153466,0.0015355,0.00153392,0.00153699,0.00209547,0.000980759,0.000937395,0.00102247,0.00206094,0.00234348,0.00178704,0.00103571,0.00103201,0.00103934,0.00152136,0.00161708,0.00142535,0.00259499,0.00261778,0.00257928
SPN01_MRC_0028_01,0.000970232,0.000994649,0.000945674,0.0013047,0.0013781,0.00123799,0.0012634,0.00167682,0.00184389,0.000869684,0.000872944,0.000866196,0.00166901,0.0017084,0.00162932,0.000995408,0.00100236,0.000988692,0.00082968,0.000809551,0.000853178,0.00105575,0.00100228,0.001109,0.00255065,0.00128682,0.00112097,0.001214,0.00181634,0.00114217,0.00119403,0.00109294,0.0010146,0.000949466,0.00106888,0.00134792,0.00134521,0.00135033,0.000830213,0.000873909,0.000786957,0.00154374,0.00176545,0.00132885,0.00134823,0.00140109,0.0012984,0.00209515,0.000841419,0.00084083,0.000841986,0.00107074,0.00117842,0.000966352,0.00098397,0.000992188,0.000975923,0.00121368,0.00131861,0.00110842,0.00239461,0.00234744,0.00242712
SPN01_MRC_0024_01,0.000950069,0.00103813,0.000861499,0.00098386,0.00109283,0.000884808,0.00124687,0.0018,0.00183656,0.000931975,0.000930327,0.000933737,0.00200856,0.00205241,0.00196437,0.000988516,0.0010363,0.000942372,0.000919075,0.000866625,0.000975997,0.001063,0.00109413,0.001032,0.00246843,0.00123988,0.00118534,0.00121593,0.00164606,0.00104544,0.00113621,0.000959309,0.00144477,0.00146662,0.00142656,0.00134418,0.00135023,0.00133879,0.000843661,0.000886572,0.000801183,0.001636,0.00199132,0.0012916,0.00134702,0.00148278,0.00121902,0.00203795,0.000847845,0.000878142,0.000818703,0.0011623,0.0015411,0.000795094,0.000955496,0.000988649,0.000923035,0.0012308,0.00137742,0.00108373,0.00239243,0.00246336,0.00234355
SPN01_MRC_0023_01,0.000892528,0.00093607,0.000848734,0.000833764,0.000825039,0.000841695,0.00115319,0.00138031,0.00155172,0.000891727,0.000910212,0.000871954,0.00192764,0.0019543,0.00190078,0.00089894,0.00090833,0.000889871,0.000834056,0.000838842,0.000828931,0.00101566,0.000998057,0.00103319,0.00221858,0.00116267,0.00101025,0.00109574,0.00141043,0.00088096,0.00088208,0.000879898,0.00121006,0.00112118,0.00128413,0.00123283,0.00118436,0.001276,0.000718806,0.000734817,0.000702956,0.00113246,0.00118089,0.00108551,0.00112099,0.00111768,0.00112412,0.0018992,0.000733449,0.000739169,0.000727948,0.000702842,0.000719359,0.00068683,0.000901583,0.000948784,0.000855369,0.00124909,0.00144174,0.00105584,0.0022102,0.00228392,0.0021594
SPN01_MRC_0025_01,0.00117216,0.00117273,0.00117158,0.0016564,0.00155976,0.00174425,0.00133821,0.00216726,0.00216879,0.000872848,0.000877714,0.000867642,0.00205766,0.00206699,0.00204825,0.00115587,0.00113342,0.00117755,0.00104371,0.000981535,0.00110841,0.00105281,0.00104083,0.00106475,0.00248795,0.00135726,0.00132359,0.00134248,0.00218343,0.00134478,0.00131302,0.00137491,0.00126808,0.001216,0.00131148,0.00138089,0.00139127,0.00137165,0.000845132,0.000866122,0.000824354,0.00208807,0.00220343,0.00197625,0.00162307,0.00161221,0.0016333,0.00215927,0.00102112,0.000959966,0.00107994,0.00211207,0.0022624,0.00196635,0.000952925,0.000961484,0.000944544,0.0013939,0.00148399,0.00130354,0.0025038,0.00241852,0.00256257
SPN01_ZHH_0025_01,0.00148007,0.00144949,0.00151082,0.00281958,0.00281445,0.00282425,0.0016383,0.00250304,0.00257969,0.000967134,0.000997682,0.000934457,0.00272299,0.00277301,0.00267259,0.00139642,0.00134502,0.00144606,0.00114424,0.00106985,0.0012239,0.00130755,0.00135418,0.00126112,0.00328839,0.00163548,0.00177918,0.00169858,0.00274912,0.00184751,0.00180955,0.00188353,0.00167076,0.00153551,0.00178347,0.0015622,0.00151468,0.00160453,0.000994559,0.00100027,0.000988905,0.00223452,0.00220136,0.00226666,0.00187835,0.00179862,0.00195352,0.00255047,0.00121645,0.00114035,0.00128965,0.00295776,0.00310291,0.00281706,0.00113034,0.00117608,0.00108555,0.00186461,0.00190234,0.00182676,0.00297582,0.00292419,0.0030114
SPN01_MRC_0029_01,0.0011735,0.00116619,0.00118085,0.00200742,0.00200397,0.00201056,0.00143266,0.00208305,0.00216005,0.00106842,0.00108083,0.00105515,0.00231146,0.00228932,0.00233376,0.00118902,0.0011681,0.00120923,0.000772397,0.000743946,0.000801514,0.00137513,0.0013432,0.00140692,0.00268101,0.00162018,0.00153833,0.00158424,0.00214874,0.00154935,0.0015508,0.00154797,0.00163086,0.00152145,0.00172204,0.00143166,0.00141736,0.0014444,0.000925591,0.00093249,0.000918762,0.00179963,0.00185236,0.00174852,0.00182709,0.00185403,0.00180168,0.00227474,0.001081,0.00104641,0.00111427,0.00241615,0.00257486,0.00226229,0.00111003,0.00109707,0.00112272,0.00158409,0.00168373,0.00148414,0.00263494,0.0026847,0.00260065
