id,ACR_FA,ACR-L_FA,ACR-R_FA,ALIC_FA,ALIC-L_FA,ALIC-R_FA,AverageFA_FA,BCC_FA,CC_FA,CGC_FA,CGC-L_FA,CGC-R_FA,CGH_FA,CGH-L_FA,CGH-R_FA,CR_FA,CR-L_FA,CR-R_FA,CST_FA,CST-L_FA,CST-R_FA,EC_FA,EC-L_FA,EC-R_FA,FX_FA,FX/ST-L_FA,FX/ST-R_FA,FXST_FA,GCC_FA,IC_FA,IC-L_FA,IC-R_FA,IFO_FA,IFO-L_FA,IFO-R_FA,PCR_FA,PCR-L_FA,PCR-R_FA,PLIC_FA,PLIC-L_FA,PLIC-R_FA,PTR_FA,PTR-L_FA,PTR-R_FA,RLIC_FA,RLIC-L_FA,RLIC-R_FA,SCC_FA,SCR_FA,SCR-L_FA,SCR-R_FA,SFO_FA,SFO-L_FA,SFO-R_FA,SLF_FA,SLF-L_FA,SLF-R_FA,SS_FA,SS-L_FA,SS-R_FA,UNC_FA,UNC-L_FA,UNC-R_FA
SPN01_MRC_0012_01,0.435739,0.432419,0.439079,0.550658,0.545302,0.555527,0.389418,0.626981,0.652585,0.490797,0.525921,0.453226,0.454926,0.470956,0.438773,0.458352,0.459753,0.456999,0.456177,0.4774,0.433448,0.376108,0.383785,0.368462,0.459922,0.531132,0.443765,0.49277,0.625894,0.555391,0.565608,0.545694,0.489423,0.480703,0.496689,0.47722,0.479828,0.474896,0.601477,0.598452,0.604472,0.499024,0.484943,0.512673,0.505486,0.545773,0.467501,0.708922,0.474063,0.481263,0.467137,0.453654,0.481328,0.426828,0.460328,0.46751,0.453297,0.434059,0.439519,0.428583,0.541598,0.553057,0.5337
SPN01_MRC_0011_01,0.43308,0.405435,0.460885,0.516641,0.516239,0.517006,0.419067,0.649442,0.687001,0.618243,0.645009,0.589612,0.523012,0.554442,0.491342,0.439468,0.425021,0.453419,0.543061,0.55587,0.529342,0.444565,0.438263,0.45084,0.475437,0.493181,0.470461,0.483205,0.687906,0.568203,0.574566,0.562165,0.487501,0.479273,0.494357,0.428581,0.416019,0.439772,0.628712,0.640791,0.616754,0.555156,0.545227,0.564781,0.548455,0.551784,0.545317,0.737852,0.452293,0.452059,0.452519,0.474434,0.481478,0.467606,0.487314,0.483547,0.491002,0.557433,0.563494,0.551353,0.54735,0.518559,0.567192
SPN01_ZHH_0021_01,0.424078,0.411609,0.43662,0.568338,0.54577,0.588851,0.413245,0.673438,0.67568,0.551345,0.56571,0.535979,0.482344,0.456931,0.507951,0.439952,0.430389,0.449187,0.559699,0.552175,0.567757,0.453313,0.444593,0.461998,0.450499,0.53862,0.560513,0.548233,0.635438,0.601488,0.593124,0.609426,0.533588,0.54546,0.523694,0.440686,0.438151,0.442944,0.667789,0.660799,0.674708,0.495892,0.494741,0.497008,0.556282,0.55771,0.554936,0.710694,0.457451,0.448165,0.466382,0.528142,0.517224,0.538725,0.476741,0.46779,0.485505,0.527577,0.531768,0.523373,0.406153,0.436845,0.385
SPN01_ZHH_0010_01,0.513328,0.51664,0.509997,0.589255,0.59199,0.586769,0.436323,0.622853,0.698052,0.635213,0.655526,0.613484,0.520786,0.527632,0.513888,0.510007,0.509164,0.510821,0.584403,0.592046,0.576218,0.460978,0.465894,0.456082,0.373004,0.514407,0.524513,0.518844,0.717685,0.638485,0.642914,0.634282,0.554492,0.554389,0.554577,0.490486,0.475133,0.504163,0.712467,0.725254,0.699809,0.605235,0.593385,0.61672,0.600397,0.593201,0.607182,0.785721,0.516364,0.517467,0.515302,0.511494,0.51438,0.508697,0.511618,0.500382,0.522619,0.543693,0.539142,0.548259,0.584784,0.561624,0.600745
SPN01_MRC_0017_01,0.382873,0.375341,0.390449,0.498786,0.486652,0.509816,0.370952,0.572963,0.616184,0.494581,0.51393,0.473883,0.434912,0.442318,0.42745,0.417109,0.415693,0.418476,0.496666,0.496943,0.496369,0.428853,0.430944,0.426771,0.267433,0.497157,0.430647,0.467953,0.598099,0.555097,0.557886,0.552451,0.465824,0.450437,0.478647,0.443349,0.443283,0.443407,0.635714,0.644054,0.627459,0.519945,0.525564,0.514499,0.516283,0.52363,0.509356,0.689877,0.442096,0.448463,0.435972,0.415876,0.411593,0.420027,0.432184,0.436466,0.427992,0.515984,0.506358,0.52564,0.490972,0.480278,0.498343
SPN01_MRC_0026_01,0.422094,0.416717,0.427503,0.558401,0.555723,0.560835,0.422776,0.684886,0.703467,0.581908,0.628348,0.532232,0.45963,0.475277,0.443864,0.452392,0.452466,0.45232,0.525228,0.515082,0.536095,0.442453,0.453288,0.431663,0.38679,0.54095,0.505909,0.525564,0.696891,0.596705,0.604851,0.588974,0.508181,0.514421,0.502981,0.458177,0.451121,0.464462,0.648978,0.660893,0.637183,0.583122,0.583496,0.582759,0.573345,0.585344,0.562032,0.734198,0.483525,0.494317,0.473145,0.557799,0.524599,0.589983,0.474787,0.482259,0.467471,0.528268,0.54813,0.508344,0.459741,0.424055,0.484336
SPN01_CMH_0013_01,0.457086,0.468919,0.445185,0.537848,0.555979,0.521368,0.436711,0.696233,0.716621,0.605304,0.623709,0.585617,0.563768,0.517363,0.610529,0.477544,0.484614,0.470717,0.556371,0.552398,0.560626,0.483418,0.487933,0.478921,0.51564,0.567602,0.573545,0.570212,0.685562,0.62046,0.62882,0.612526,0.516509,0.507944,0.523647,0.499293,0.500385,0.498321,0.697466,0.703029,0.691959,0.593827,0.59039,0.597158,0.612478,0.610702,0.614153,0.769262,0.489337,0.494856,0.484029,0.498099,0.528571,0.468559,0.503193,0.507563,0.498915,0.554314,0.558761,0.549853,0.623073,0.614204,0.629186
SPN01_MRC_0016_01,0.457742,0.448813,0.466723,0.561602,0.551132,0.571119,0.420058,0.676124,0.698945,0.559254,0.59154,0.524718,0.566328,0.548015,0.584781,0.448559,0.450668,0.446523,0.593207,0.614293,0.570625,0.444934,0.437352,0.452484,0.479527,0.523654,0.500727,0.513587,0.693583,0.580046,0.580634,0.579488,0.546226,0.5525,0.540998,0.421766,0.43093,0.413602,0.617126,0.614483,0.619743,0.549233,0.536571,0.561506,0.554667,0.568684,0.541451,0.734535,0.452075,0.462615,0.441937,0.49453,0.476296,0.512206,0.468329,0.485886,0.45114,0.541516,0.545902,0.537117,0.547896,0.552742,0.544556
SPN01_CMH_0027_01,0.398836,0.39256,0.405149,0.526474,0.539599,0.514544,0.383424,0.565252,0.614104,0.484757,0.502619,0.46565,0.453066,0.463605,0.442446,0.426516,0.422471,0.430423,0.558521,0.582211,0.53315,0.403365,0.411737,0.395028,0.401836,0.484037,0.501436,0.491677,0.595117,0.584891,0.590669,0.579408,0.454163,0.474152,0.437506,0.416323,0.420102,0.412957,0.665861,0.670932,0.660841,0.53977,0.520693,0.558261,0.547785,0.543626,0.551706,0.696246,0.462966,0.458105,0.467641,0.471345,0.470675,0.471994,0.453919,0.447745,0.459964,0.467494,0.455598,0.479426,0.46086,0.480079,0.447615
SPN01_CMH_0020_01,0.466019,0.448069,0.484073,0.56843,0.581525,0.556527,0.449671,0.698411,0.723937,0.598081,0.610577,0.584715,0.602945,0.593942,0.612017,0.491393,0.474197,0.508,0.572742,0.572456,0.573049,0.493433,0.495303,0.49157,0.505699,0.533962,0.557528,0.54431,0.70453,0.627557,0.623322,0.631576,0.552881,0.538238,0.565084,0.523001,0.503229,0.540613,0.688497,0.677737,0.699149,0.620773,0.601422,0.63953,0.614933,0.598534,0.630394,0.774387,0.503622,0.489864,0.516856,0.46285,0.445604,0.479568,0.529753,0.515988,0.543231,0.584885,0.59427,0.575471,0.610155,0.576841,0.633115
SPN01_CMH_0016_01,0.44859,0.441613,0.455607,0.572751,0.578024,0.567958,0.437186,0.67359,0.696375,0.537597,0.550946,0.523317,0.579182,0.563643,0.594841,0.467113,0.463139,0.47095,0.572197,0.584399,0.559129,0.495543,0.495343,0.495742,0.484543,0.579367,0.608852,0.592314,0.678323,0.600411,0.601729,0.599161,0.579186,0.583929,0.575234,0.497581,0.488933,0.505285,0.635522,0.629116,0.641864,0.60893,0.604526,0.613198,0.586671,0.591895,0.581745,0.741986,0.472215,0.475116,0.469425,0.52302,0.556816,0.490258,0.516071,0.51013,0.521888,0.557434,0.54483,0.570076,0.652151,0.624956,0.670894
SPN01_CMH_0026_01,0.450128,0.441247,0.459061,0.567147,0.561968,0.571854,0.428981,0.696867,0.705968,0.554299,0.591153,0.514876,0.521692,0.477362,0.566362,0.474402,0.470914,0.47777,0.578432,0.597723,0.557772,0.432615,0.440854,0.424411,0.503541,0.548477,0.57193,0.558775,0.674644,0.607202,0.606116,0.608233,0.497648,0.492555,0.501892,0.494298,0.47696,0.509742,0.654286,0.657873,0.650736,0.602243,0.583592,0.62032,0.591766,0.586887,0.596367,0.743322,0.49145,0.502084,0.481221,0.50239,0.495313,0.509251,0.496481,0.498467,0.494537,0.574343,0.549001,0.599764,0.531481,0.491143,0.559282
SPN01_ZHH_0033_01,0.443071,0.423924,0.462328,0.565559,0.559849,0.570749,0.424536,0.653199,0.676297,0.581739,0.610209,0.551286,0.540783,0.510319,0.57148,0.434257,0.417411,0.450525,0.535943,0.544542,0.526734,0.448419,0.434222,0.462557,0.492364,0.528647,0.58236,0.552232,0.672582,0.5999,0.596642,0.602993,0.519269,0.525446,0.514121,0.413095,0.398711,0.425908,0.638899,0.631955,0.645772,0.592783,0.594313,0.591299,0.588292,0.590131,0.586558,0.71096,0.435276,0.419204,0.450735,0.523548,0.515465,0.531383,0.476606,0.468146,0.484889,0.52795,0.525971,0.529935,0.427952,0.392392,0.45246
SPN01_CMH_P001_01,0.43224,0.438334,0.426111,0.55496,0.585001,0.527653,0.420078,0.637357,0.67904,0.554877,0.601918,0.504558,0.494855,0.480225,0.509597,0.476241,0.488727,0.464182,0.563225,0.581968,0.543152,0.446655,0.463382,0.429998,0.210328,0.513323,0.525962,0.518873,0.645351,0.631257,0.648245,0.615134,0.50119,0.486308,0.513592,0.511425,0.530028,0.494854,0.699556,0.709295,0.689916,0.590153,0.590924,0.589405,0.62723,0.636628,0.618369,0.763007,0.5076,0.526249,0.489663,0.469545,0.486243,0.453359,0.519743,0.525293,0.51431,0.571968,0.573996,0.569934,0.568024,0.549368,0.580882
SPN01_ZHH_0007_01,0.461339,0.454828,0.467887,0.588998,0.595272,0.583295,0.432011,0.632979,0.675311,0.612971,0.621422,0.603931,0.489536,0.474703,0.504483,0.479968,0.478547,0.48134,0.576862,0.565065,0.589497,0.464386,0.464523,0.46425,0.470277,0.505752,0.521955,0.512867,0.679558,0.623469,0.630215,0.617067,0.478876,0.468532,0.487496,0.465218,0.469489,0.461413,0.683434,0.683239,0.683626,0.541363,0.531366,0.551053,0.587115,0.600331,0.574654,0.730063,0.508581,0.510373,0.506857,0.485957,0.489134,0.482878,0.515486,0.511031,0.519847,0.537683,0.522387,0.553027,0.506899,0.51241,0.503101
SPN01_ZHH_0031_01,0.450496,0.425321,0.475816,0.588011,0.5828,0.592747,0.431091,0.608519,0.67302,0.540861,0.562515,0.517698,0.516638,0.471087,0.562537,0.463736,0.448023,0.47891,0.58648,0.586811,0.586125,0.415541,0.401326,0.429698,0.445298,0.547365,0.57656,0.560184,0.675398,0.622696,0.622125,0.623239,0.502973,0.494913,0.50969,0.461075,0.455653,0.465904,0.687739,0.678718,0.696669,0.588006,0.571662,0.603848,0.580534,0.592238,0.569498,0.759692,0.480025,0.470382,0.4893,0.522117,0.491528,0.55177,0.483984,0.476956,0.490866,0.530184,0.528337,0.532036,0.515874,0.469072,0.54813
SPN01_ZHH_0012_01,0.401433,0.399631,0.403245,0.559954,0.562135,0.557972,0.414577,0.592739,0.649828,0.535127,0.546975,0.522454,0.525009,0.501181,0.54902,0.442898,0.435344,0.450194,0.612502,0.58875,0.637939,0.40123,0.405321,0.397156,0.386309,0.555275,0.554267,0.554832,0.616912,0.610329,0.605427,0.61498,0.434915,0.431778,0.437529,0.441045,0.440552,0.441484,0.670683,0.651745,0.68943,0.552369,0.56634,0.538828,0.589564,0.591968,0.587297,0.754334,0.490562,0.473895,0.506593,0.475038,0.450651,0.498679,0.470055,0.462407,0.477544,0.524855,0.529213,0.520483,0.537296,0.518026,0.550577
SPN01_MRC_0008_01,0.480949,0.483987,0.477894,0.532646,0.533417,0.531945,0.421066,0.672764,0.707523,0.565073,0.594747,0.533332,0.516878,0.513281,0.520503,0.481468,0.490773,0.472483,0.576374,0.588631,0.563248,0.441958,0.434741,0.449146,0.453448,0.524105,0.436047,0.485439,0.703131,0.564393,0.570841,0.558273,0.457713,0.444556,0.468678,0.488007,0.498177,0.478947,0.610352,0.605394,0.61526,0.600194,0.596938,0.60335,0.541906,0.565878,0.519303,0.758734,0.478671,0.49491,0.463051,0.530968,0.538095,0.52406,0.499514,0.510548,0.488711,0.519479,0.546066,0.49281,0.555528,0.547145,0.561305
SPN01_MRC_0020_01,0.44719,0.430386,0.464091,0.581932,0.58067,0.58308,0.397805,0.628004,0.666085,0.503166,0.53766,0.466269,0.480338,0.492735,0.467846,0.440353,0.439321,0.44135,0.527551,0.529137,0.525852,0.425208,0.42627,0.42415,0.211804,0.496801,0.476229,0.487768,0.656835,0.583444,0.596202,0.571337,0.46292,0.479289,0.449279,0.409914,0.424744,0.396704,0.629149,0.636075,0.622292,0.512919,0.503617,0.521935,0.530742,0.563088,0.500244,0.725711,0.448397,0.456859,0.440258,0.489531,0.460957,0.517231,0.445724,0.450989,0.440568,0.516106,0.523576,0.508612,0.448718,0.444202,0.451831
SPN01_ZHH_0001_01,0.450779,0.4437,0.457899,0.58275,0.57246,0.592104,0.443411,0.675178,0.699463,0.581646,0.605329,0.556312,0.578937,0.552804,0.60527,0.472491,0.465364,0.479374,0.569583,0.568789,0.570434,0.460707,0.446628,0.474728,0.510858,0.583745,0.576124,0.580399,0.682306,0.621583,0.622608,0.620611,0.501464,0.483718,0.516252,0.483064,0.470249,0.494479,0.665312,0.665767,0.664862,0.621239,0.627594,0.615079,0.608896,0.619781,0.598633,0.746423,0.491477,0.487892,0.494925,0.539327,0.54193,0.536804,0.506697,0.503579,0.50975,0.579215,0.577976,0.580457,0.555184,0.551391,0.557798
SPN01_ZHH_0006_01,0.440683,0.443587,0.437763,0.559752,0.563982,0.555907,0.427764,0.572103,0.656839,0.600729,0.60054,0.600932,0.463329,0.434914,0.491961,0.457234,0.454612,0.459766,0.557266,0.560299,0.554017,0.39943,0.396909,0.401941,0.440052,0.540353,0.531198,0.536333,0.681119,0.626851,0.628095,0.625671,0.477672,0.460964,0.491596,0.461893,0.442973,0.478746,0.701196,0.702263,0.70014,0.609029,0.610605,0.607502,0.606369,0.601382,0.611071,0.753914,0.473466,0.473097,0.47382,0.486681,0.489419,0.484026,0.508129,0.509548,0.50674,0.557186,0.557602,0.556768,0.534714,0.496018,0.561382
SPN01_MRC_0015_01,0.435439,0.428013,0.442908,0.551871,0.541238,0.561536,0.403488,0.632196,0.673163,0.573412,0.609086,0.535253,0.527315,0.538262,0.516285,0.4388,0.436565,0.440959,0.510703,0.529485,0.490589,0.420978,0.419771,0.422179,0.431955,0.529846,0.476356,0.506359,0.672099,0.571585,0.57795,0.565545,0.474371,0.42386,0.516463,0.426254,0.426203,0.4263,0.615299,0.618683,0.61195,0.53242,0.540967,0.524135,0.539617,0.564767,0.515905,0.730254,0.449076,0.451568,0.446679,0.471646,0.454299,0.488461,0.451288,0.451166,0.451408,0.475662,0.490457,0.460821,0.529018,0.545515,0.517649
SPN01_ZHH_0013_01,0.400132,0.393223,0.40708,0.551695,0.532335,0.569293,0.404901,0.596055,0.645926,0.542643,0.542054,0.543272,0.475016,0.456855,0.493316,0.441478,0.446577,0.436554,0.607606,0.604011,0.611456,0.421011,0.411717,0.430266,0.389176,0.463856,0.508237,0.483343,0.648468,0.603416,0.597292,0.609228,0.520483,0.526204,0.515715,0.474095,0.496725,0.453936,0.68951,0.688928,0.690087,0.53128,0.548638,0.514455,0.55347,0.550169,0.556583,0.712382,0.471177,0.483113,0.459696,0.478373,0.473297,0.483293,0.469434,0.475275,0.463716,0.514938,0.492538,0.537407,0.501204,0.513869,0.492476
SPN01_ZHH_0020_01,0.385058,0.387695,0.382406,0.501355,0.509737,0.493735,0.403367,0.613588,0.638007,0.57473,0.590719,0.557626,0.452573,0.437427,0.467835,0.432582,0.434611,0.430622,0.602989,0.615967,0.589091,0.408865,0.411482,0.406259,0.390535,0.506712,0.522015,0.513431,0.578586,0.590776,0.596312,0.585523,0.510716,0.544083,0.482911,0.450612,0.449533,0.451574,0.677139,0.674,0.680247,0.54385,0.53972,0.547853,0.578565,0.587563,0.570081,0.718692,0.476783,0.481239,0.472497,0.450183,0.459051,0.441587,0.467071,0.465823,0.468292,0.504101,0.498082,0.510138,0.468484,0.431815,0.493755
SPN01_MRC_0029_01,0.373365,0.381872,0.364809,0.529285,0.524521,0.533616,0.390901,0.567413,0.614243,0.566639,0.592734,0.538725,0.556318,0.576985,0.535493,0.421441,0.432446,0.410814,0.532526,0.546573,0.517483,0.4439,0.447161,0.440653,0.386814,0.486319,0.448498,0.469712,0.5777,0.581266,0.589686,0.573274,0.541802,0.549067,0.535747,0.448395,0.451281,0.445825,0.652057,0.664564,0.639677,0.53183,0.529648,0.533946,0.549738,0.563152,0.53709,0.70754,0.461649,0.481345,0.442705,0.44968,0.452741,0.446713,0.491757,0.494595,0.488979,0.496539,0.495132,0.49795,0.555274,0.573469,0.542735
SPN01_MRC_0004_01,0.401252,0.392382,0.410173,0.518659,0.500333,0.535316,0.368437,0.552386,0.557328,0.475379,0.507077,0.441473,0.538659,0.5671,0.510001,0.46711,0.472115,0.462276,0.525273,0.526855,0.523577,0.3827,0.376246,0.389128,0.188913,0.489388,0.434664,0.465359,0.492707,0.602675,0.61774,0.588378,0.432255,0.40136,0.458001,0.4628,0.464841,0.460981,0.700375,0.72585,0.675157,0.528459,0.52204,0.53468,0.571558,0.602526,0.54236,0.615395,0.543519,0.567582,0.520373,0.50304,0.518184,0.488359,0.460234,0.445792,0.474374,0.497107,0.509263,0.484914,0.463332,0.394752,0.510597
SPN01_ZHH_0017_01,0.526104,0.506191,0.546131,0.614666,0.601354,0.626766,0.464357,0.731435,0.758105,0.590946,0.628438,0.550841,0.629776,0.586542,0.673341,0.51472,0.506052,0.523091,0.639149,0.637256,0.641177,0.483632,0.469554,0.497652,0.504848,0.575895,0.580506,0.57792,0.762301,0.656651,0.645313,0.667411,0.54065,0.520969,0.557051,0.499671,0.484322,0.513344,0.716396,0.696127,0.736461,0.621932,0.614518,0.629118,0.628141,0.627045,0.629174,0.791392,0.509682,0.516692,0.502939,0.54993,0.541846,0.557766,0.518277,0.507001,0.529317,0.567877,0.552554,0.583248,0.54071,0.526396,0.550575
SPN01_MRC_0028_01,0.408048,0.394276,0.421899,0.501205,0.494961,0.50688,0.364492,0.571836,0.624926,0.492559,0.498439,0.48627,0.446011,0.418846,0.473384,0.424012,0.415622,0.432114,0.466991,0.463555,0.47067,0.366421,0.356878,0.375924,0.30284,0.424332,0.430286,0.426946,0.621066,0.538058,0.539476,0.536712,0.354972,0.335115,0.37152,0.420212,0.409482,0.42977,0.60744,0.604132,0.610714,0.486727,0.485486,0.487929,0.492934,0.504922,0.481631,0.700882,0.443958,0.443265,0.444625,0.441982,0.43169,0.451959,0.413984,0.409898,0.417984,0.426473,0.418619,0.434351,0.497949,0.483958,0.507592
SPN01_ZHH_P001_01,0.48959,0.481895,0.49733,0.626584,0.640468,0.613963,0.444543,0.647591,0.691363,0.578261,0.6283,0.524735,0.509829,0.47614,0.543776,0.511129,0.515603,0.506809,0.602033,0.61473,0.588434,0.471161,0.477845,0.464505,0.200316,0.525302,0.569026,0.544501,0.680072,0.680027,0.678763,0.681226,0.510711,0.494104,0.52455,0.510456,0.516556,0.505022,0.740461,0.734269,0.74659,0.617868,0.601597,0.63364,0.662265,0.649179,0.674604,0.760423,0.535738,0.55396,0.51821,0.563532,0.621065,0.50776,0.539148,0.53193,0.546215,0.583299,0.57511,0.591513,0.568715,0.532961,0.593357
SPN01_CMH_0001_01,0.433169,0.430055,0.436301,0.542218,0.560636,0.525477,0.418452,0.610781,0.664753,0.561226,0.568306,0.553652,0.473576,0.478672,0.468441,0.451399,0.450166,0.45259,0.526104,0.523182,0.529233,0.434749,0.445096,0.424444,0.42342,0.564992,0.520462,0.545439,0.649951,0.596345,0.599598,0.593258,0.531312,0.551849,0.514198,0.4593,0.463323,0.455717,0.661725,0.657569,0.665839,0.560849,0.572986,0.549085,0.573405,0.567676,0.578806,0.750604,0.467845,0.466795,0.468856,0.493638,0.51549,0.472454,0.518225,0.524863,0.511725,0.548927,0.54074,0.557139,0.52267,0.497821,0.539796
SPN01_MRC_0019_01,0.44604,0.443995,0.448097,0.526932,0.514576,0.538164,0.410423,0.64262,0.687717,0.522606,0.550591,0.492671,0.492914,0.476057,0.509901,0.4583,0.459576,0.457067,0.485674,0.482553,0.489016,0.428928,0.424485,0.433352,0.512803,0.532388,0.468913,0.504517,0.69222,0.569997,0.573165,0.56699,0.47845,0.464981,0.489674,0.459297,0.454154,0.463878,0.62769,0.628182,0.627204,0.569015,0.563505,0.574356,0.54501,0.564274,0.526847,0.74606,0.471593,0.480221,0.463293,0.501094,0.503065,0.499184,0.478596,0.482672,0.474606,0.508231,0.503573,0.512904,0.556684,0.541481,0.567162
SPN01_ZHH_0030_01,0.44852,0.443268,0.453803,0.584317,0.589541,0.579568,0.433911,0.66158,0.683778,0.527802,0.56137,0.491894,0.545131,0.522713,0.567721,0.474683,0.479705,0.469834,0.599302,0.592769,0.606298,0.435843,0.440883,0.430823,0.408161,0.575902,0.556684,0.567464,0.665781,0.637779,0.642358,0.633435,0.455462,0.427627,0.478657,0.470832,0.488845,0.454786,0.725647,0.721217,0.730032,0.581296,0.581972,0.580641,0.587488,0.598752,0.576868,0.728538,0.506144,0.517136,0.495571,0.533687,0.537529,0.529962,0.47626,0.48581,0.466909,0.501745,0.517967,0.485472,0.612072,0.624968,0.603184
SPN01_MRC_0013_01,0.393604,0.382562,0.404709,0.477955,0.466137,0.488698,0.389991,0.613037,0.640502,0.504895,0.530706,0.477285,0.463004,0.462896,0.463112,0.448531,0.445032,0.45191,0.55912,0.564288,0.553596,0.369501,0.366139,0.37285,0.390985,0.480695,0.470545,0.476238,0.604437,0.536132,0.539357,0.533071,0.42353,0.414429,0.431115,0.460934,0.471044,0.451928,0.607882,0.611017,0.604779,0.527261,0.512385,0.541679,0.509722,0.524715,0.495586,0.706832,0.503982,0.504066,0.503902,0.439887,0.431189,0.448318,0.456571,0.457266,0.45589,0.448987,0.445131,0.452854,0.554744,0.546207,0.560627
SPN01_ZHH_0019_01,0.486128,0.490421,0.481811,0.573518,0.570629,0.576144,0.457096,0.689167,0.722439,0.617669,0.638417,0.595474,0.52015,0.515212,0.525125,0.509435,0.511307,0.507628,0.627384,0.620383,0.634881,0.483934,0.483223,0.484643,0.456874,0.575299,0.579456,0.577124,0.717974,0.646784,0.640163,0.653067,0.579633,0.569944,0.587707,0.51744,0.511994,0.522291,0.739015,0.721625,0.756229,0.590762,0.587363,0.594056,0.611303,0.609947,0.612582,0.771666,0.531547,0.535025,0.528201,0.533966,0.523885,0.543739,0.54466,0.551701,0.537767,0.55197,0.551543,0.552398,0.604539,0.610732,0.600271
SPN01_CMH_0004_01,0.45357,0.457384,0.449734,0.543702,0.552815,0.535419,0.442442,0.691547,0.719053,0.58854,0.617616,0.557438,0.584651,0.545601,0.624001,0.484525,0.48254,0.486443,0.547423,0.545072,0.549941,0.443166,0.451473,0.434894,0.48486,0.584146,0.592805,0.587948,0.69744,0.612271,0.619299,0.605601,0.476496,0.436033,0.510215,0.508469,0.481724,0.532294,0.681907,0.690532,0.673368,0.609084,0.60175,0.616193,0.598858,0.598503,0.599193,0.773971,0.507006,0.511925,0.502275,0.505029,0.487748,0.521782,0.505848,0.504873,0.506802,0.567532,0.568025,0.567038,0.595654,0.570521,0.612976
SPN01_MRC_0030_01,0.430397,0.42001,0.440843,0.526289,0.516091,0.535559,0.419519,0.668796,0.694642,0.572531,0.610219,0.532217,0.528687,0.512889,0.544607,0.440187,0.438636,0.441685,0.500001,0.507726,0.491727,0.442701,0.443372,0.442032,0.429714,0.531387,0.508982,0.521549,0.684511,0.551704,0.553226,0.550259,0.476644,0.43217,0.513706,0.426632,0.431482,0.422311,0.579703,0.579605,0.579801,0.588849,0.58144,0.596031,0.544134,0.557918,0.531138,0.73817,0.458227,0.463648,0.453012,0.490765,0.505894,0.476099,0.496127,0.504799,0.487637,0.546176,0.550111,0.542229,0.539551,0.498155,0.56808
SPN01_MRC_0025_01,0.39757,0.375729,0.419538,0.529042,0.522767,0.534745,0.40371,0.629083,0.655051,0.563707,0.580166,0.546102,0.522991,0.505916,0.540197,0.419197,0.411467,0.426662,0.536052,0.551369,0.519649,0.413572,0.397196,0.429881,0.342425,0.534307,0.502265,0.520238,0.645972,0.572427,0.577262,0.567838,0.462375,0.455218,0.46834,0.412984,0.411732,0.4141,0.628317,0.635387,0.621318,0.538832,0.542457,0.535319,0.549905,0.560538,0.539879,0.69791,0.446769,0.452505,0.441252,0.468924,0.471733,0.466202,0.480698,0.48756,0.47398,0.513397,0.524564,0.502196,0.446449,0.453647,0.441488
SPN01_MRC_0002_01,0.452447,0.445978,0.458954,0.551441,0.548535,0.554082,0.410211,0.650554,0.682297,0.570553,0.606012,0.532622,0.481866,0.455064,0.508873,0.451077,0.456357,0.445978,0.53425,0.539407,0.528727,0.429187,0.433855,0.424539,0.394935,0.561914,0.517498,0.542411,0.674553,0.570155,0.578438,0.562295,0.544307,0.613891,0.48632,0.41048,0.413949,0.40739,0.622023,0.624022,0.620044,0.522204,0.514071,0.530087,0.527504,0.55261,0.503833,0.732025,0.470534,0.489394,0.452394,0.506444,0.502979,0.509802,0.437385,0.445733,0.429211,0.505337,0.527534,0.483072,0.454748,0.451208,0.457187
SPN01_ZHH_0005_01,0.491984,0.490267,0.493711,0.574142,0.573837,0.574419,0.448834,0.697194,0.724046,0.610775,0.639243,0.580323,0.564096,0.519138,0.609398,0.49636,0.497828,0.494943,0.592197,0.565981,0.620274,0.469265,0.461897,0.476603,0.464286,0.533226,0.577388,0.552617,0.703097,0.633176,0.628331,0.637773,0.523949,0.501609,0.542565,0.489445,0.483592,0.494658,0.709105,0.705283,0.712888,0.592838,0.590997,0.594622,0.602672,0.588707,0.615839,0.777538,0.504867,0.513615,0.496453,0.498918,0.490146,0.507422,0.510864,0.50194,0.519602,0.553085,0.549055,0.557127,0.567833,0.517749,0.60235
SPN01_MRC_0023_01,0.450388,0.458029,0.442702,0.556139,0.558756,0.553761,0.423723,0.671725,0.692224,0.580376,0.588687,0.571486,0.521629,0.543337,0.499755,0.464935,0.471196,0.458888,0.522628,0.546389,0.49718,0.42577,0.424006,0.427527,0.436835,0.5087,0.454313,0.484819,0.673495,0.568099,0.576057,0.560546,0.533318,0.566089,0.506009,0.477675,0.48882,0.467748,0.596273,0.595713,0.596828,0.553719,0.551185,0.556175,0.54674,0.569283,0.525486,0.735232,0.47473,0.477604,0.471965,0.47943,0.476258,0.482505,0.486784,0.488189,0.485408,0.514352,0.531464,0.497187,0.514257,0.524317,0.507323
SPN01_CMH_0008_01,0.438958,0.427565,0.450417,0.575505,0.601097,0.552243,0.431565,0.669753,0.705247,0.611567,0.651073,0.569308,0.499752,0.497528,0.501994,0.46358,0.463728,0.463436,0.578774,0.561079,0.597725,0.455233,0.472943,0.437597,0.379088,0.508496,0.541354,0.522924,0.682766,0.625226,0.640722,0.610519,0.489829,0.504216,0.47784,0.477334,0.479205,0.475668,0.686722,0.694756,0.678768,0.576203,0.569819,0.58239,0.602447,0.614245,0.591323,0.77182,0.484197,0.497695,0.471214,0.503716,0.52867,0.479525,0.486584,0.485871,0.487283,0.555575,0.563904,0.547221,0.549792,0.54012,0.556458
SPN01_CMH_0030_01,0.482925,0.4694,0.496528,0.605751,0.611377,0.600637,0.443082,0.67252,0.714042,0.603817,0.629425,0.576424,0.517315,0.541489,0.492956,0.498566,0.492168,0.504745,0.586689,0.599711,0.572743,0.471029,0.479568,0.462525,0.325835,0.591166,0.554653,0.575133,0.692767,0.658383,0.669075,0.648236,0.543202,0.567704,0.522784,0.502047,0.491126,0.511776,0.73547,0.739037,0.731939,0.604193,0.616421,0.592341,0.620045,0.641126,0.600169,0.787936,0.514383,0.518915,0.510024,0.511745,0.527419,0.49655,0.475824,0.471861,0.479705,0.552646,0.56889,0.536352,0.581518,0.541872,0.608841
SPN01_CMH_0017_01,0.436813,0.448585,0.424974,0.539854,0.542167,0.537751,0.415075,0.637124,0.676369,0.539324,0.55746,0.519925,0.496362,0.497029,0.495689,0.470517,0.471621,0.46945,0.549786,0.550419,0.549109,0.41957,0.416972,0.422157,0.394495,0.511279,0.517529,0.514023,0.646894,0.62303,0.621143,0.624821,0.46373,0.443652,0.480462,0.495268,0.484942,0.504466,0.707042,0.706461,0.707617,0.596456,0.593077,0.599732,0.607305,0.59559,0.61835,0.753643,0.495675,0.491538,0.499655,0.46209,0.473551,0.450979,0.464311,0.461563,0.467001,0.534494,0.512953,0.556102,0.586262,0.562657,0.602531
SPN01_ZHH_0024_01,0.488978,0.495662,0.482256,0.60673,0.617052,0.597348,0.472829,0.739125,0.742731,0.650575,0.673957,0.625564,0.576002,0.543397,0.608856,0.510152,0.514756,0.505706,0.645702,0.678819,0.610235,0.491687,0.498577,0.484826,0.551514,0.640175,0.666633,0.651793,0.736302,0.669473,0.683044,0.656594,0.593062,0.581334,0.602835,0.523353,0.516899,0.529103,0.76482,0.777358,0.752408,0.60715,0.593266,0.620607,0.619675,0.633689,0.606462,0.752783,0.527172,0.535686,0.518982,0.584972,0.605557,0.565018,0.534785,0.527529,0.54189,0.598554,0.60149,0.595608,0.673818,0.652334,0.688624
SPN01_ZHH_0003_01,0.453524,0.452633,0.45442,0.556923,0.559689,0.554408,0.440303,0.685675,0.71178,0.604383,0.615842,0.592125,0.547895,0.531312,0.564605,0.471901,0.468051,0.47562,0.516917,0.522913,0.510496,0.443968,0.450442,0.43752,0.534999,0.542752,0.553943,0.547666,0.704242,0.606095,0.60748,0.604782,0.481635,0.448387,0.509342,0.485461,0.481911,0.488623,0.675339,0.673498,0.677162,0.593649,0.586156,0.600912,0.573571,0.574514,0.572682,0.753605,0.485587,0.478923,0.491997,0.474004,0.47692,0.471177,0.481111,0.472929,0.489121,0.5557,0.549906,0.561511,0.553193,0.520706,0.575582
SPN01_CMH_0014_01,0.451782,0.44679,0.456803,0.544016,0.551138,0.537543,0.43404,0.688197,0.712613,0.576144,0.604084,0.546256,0.524239,0.531506,0.516916,0.476423,0.477673,0.475216,0.51542,0.524329,0.505878,0.441578,0.450227,0.432964,0.533378,0.560293,0.579287,0.568633,0.702938,0.595222,0.606125,0.584875,0.49589,0.521218,0.474784,0.482713,0.489231,0.476907,0.675558,0.67583,0.675288,0.558535,0.568084,0.549279,0.55159,0.575804,0.528759,0.753815,0.500924,0.507504,0.494594,0.452511,0.458004,0.447187,0.473517,0.472756,0.474263,0.520128,0.520883,0.51937,0.579738,0.564715,0.590092
SPN01_ZHH_0015_01,0.491367,0.468816,0.514049,0.591635,0.586924,0.595917,0.437052,0.672802,0.704336,0.616345,0.623733,0.608443,0.549434,0.515714,0.583412,0.492683,0.478878,0.506015,0.586842,0.614277,0.557459,0.456318,0.451035,0.461579,0.454914,0.533165,0.563891,0.546657,0.701431,0.636901,0.632072,0.641484,0.501123,0.483348,0.515936,0.473606,0.47244,0.474644,0.699611,0.690764,0.708369,0.578234,0.577667,0.578783,0.608186,0.605399,0.610813,0.749939,0.504033,0.493669,0.514001,0.511429,0.487296,0.534824,0.488003,0.481536,0.494334,0.552383,0.546043,0.558743,0.540827,0.5371,0.543396
SPN01_MRC_0031_01,0.426367,0.396285,0.456623,0.52098,0.490806,0.548407,0.394656,0.608188,0.642647,0.553686,0.570476,0.535727,0.542868,0.607866,0.477373,0.455223,0.451125,0.45918,0.537196,0.552261,0.521061,0.406529,0.39917,0.413857,0.28247,0.46503,0.433419,0.45115,0.641941,0.575641,0.576304,0.575012,0.511935,0.515615,0.508868,0.437928,0.45412,0.423505,0.656022,0.663496,0.648623,0.520372,0.526976,0.51397,0.535443,0.554931,0.517069,0.690519,0.49667,0.512812,0.481144,0.484881,0.481372,0.488283,0.455851,0.47788,0.434282,0.48236,0.495834,0.468845,0.472702,0.470981,0.473888
SPN01_ZHH_P002_01,0.510218,0.509937,0.510501,0.610351,0.607518,0.612926,0.460001,0.664521,0.715966,0.573214,0.614779,0.528753,0.546392,0.532789,0.560099,0.522914,0.514527,0.531013,0.567326,0.559979,0.575148,0.436885,0.429484,0.444255,0.490453,0.583844,0.590625,0.586821,0.725342,0.653186,0.656704,0.649847,0.456982,0.4206,0.4873,0.535547,0.501422,0.565945,0.715682,0.705476,0.725784,0.628724,0.630584,0.626921,0.622271,0.646096,0.599807,0.77916,0.530678,0.526329,0.534862,0.554316,0.544632,0.563704,0.538807,0.538015,0.539582,0.552862,0.555247,0.55047,0.560785,0.47827,0.617653
SPN01_CMH_0031_01,0.415212,0.412894,0.417543,0.525317,0.546406,0.506148,0.416249,0.584087,0.648754,0.533027,0.546425,0.518695,0.491956,0.481436,0.502556,0.444576,0.442894,0.4462,0.541655,0.548137,0.534712,0.430135,0.44508,0.415252,0.4429,0.518131,0.516415,0.517378,0.646079,0.595134,0.603477,0.587216,0.485745,0.481644,0.489162,0.481535,0.467821,0.493752,0.663435,0.660649,0.666193,0.607926,0.600202,0.615412,0.584565,0.590462,0.579004,0.739663,0.458532,0.465064,0.45225,0.45754,0.485868,0.430079,0.477693,0.480346,0.475096,0.53419,0.530281,0.53811,0.494867,0.460352,0.518654
SPN01_ZHH_0018_01,0.496311,0.490776,0.501877,0.551232,0.555037,0.547774,0.435497,0.650696,0.690868,0.578155,0.605157,0.549271,0.52025,0.510795,0.529777,0.489236,0.486791,0.491598,0.575725,0.57143,0.580324,0.435279,0.428709,0.441822,0.510155,0.556984,0.523576,0.542315,0.685743,0.629192,0.637346,0.621454,0.430929,0.425103,0.435784,0.490304,0.49158,0.489167,0.692949,0.70198,0.68401,0.596453,0.599909,0.593104,0.632234,0.640249,0.624676,0.75009,0.480716,0.479819,0.481579,0.528461,0.517022,0.539549,0.516127,0.512339,0.519836,0.5629,0.550067,0.575772,0.52515,0.506345,0.53811
SPN01_ZHH_0022_01,0.394793,0.392958,0.396639,0.54388,0.546148,0.541818,0.392285,0.550487,0.594561,0.546117,0.541698,0.550845,0.493571,0.486843,0.50035,0.429502,0.427005,0.431913,0.556157,0.524056,0.590536,0.445142,0.439411,0.45085,0.331229,0.490344,0.503904,0.496298,0.621781,0.596523,0.60265,0.590707,0.468886,0.44108,0.492058,0.431597,0.42796,0.434837,0.659594,0.661818,0.657392,0.481501,0.460412,0.501942,0.574824,0.586645,0.563679,0.633472,0.467513,0.465752,0.469206,0.449932,0.433397,0.465961,0.45601,0.428152,0.483286,0.505043,0.503578,0.506513,0.382906,0.345051,0.408995
SPN01_CMH_P002_01,0.457964,0.453365,0.462589,0.563612,0.563902,0.563349,0.434766,0.650916,0.694824,0.548577,0.583196,0.511546,0.546566,0.513735,0.579649,0.491965,0.484765,0.498919,0.529366,0.5185,0.541116,0.402499,0.398273,0.406708,0.455956,0.558961,0.582008,0.569081,0.678778,0.615685,0.621727,0.609951,0.43797,0.435167,0.440305,0.522139,0.48607,0.554268,0.665527,0.667328,0.663744,0.612197,0.608787,0.615502,0.609108,0.623532,0.595509,0.767842,0.514655,0.520288,0.509237,0.521044,0.495321,0.545979,0.522787,0.517219,0.528239,0.541186,0.538679,0.5437,0.557876,0.474696,0.615203
SPN01_MRC_0014_01,0.48842,0.48125,0.495632,0.581419,0.587192,0.576172,0.437465,0.69751,0.729598,0.616646,0.646974,0.584204,0.528434,0.536165,0.520643,0.495194,0.493636,0.496698,0.531815,0.533146,0.530389,0.47296,0.467525,0.478372,0.438063,0.537379,0.466824,0.506399,0.712987,0.599404,0.60901,0.590288,0.507922,0.53584,0.484657,0.48644,0.483477,0.489079,0.643933,0.641295,0.646544,0.569968,0.559274,0.580333,0.564725,0.59135,0.539621,0.786838,0.507351,0.512954,0.501961,0.582107,0.557792,0.605678,0.517304,0.50563,0.528733,0.534321,0.547076,0.521526,0.579785,0.582412,0.577974
SPN01_CMH_P003_01,0.473523,0.473091,0.473958,0.574937,0.598394,0.553616,0.434335,0.631285,0.692707,0.610291,0.638692,0.579911,0.567576,0.523733,0.611754,0.4929,0.496672,0.489256,0.557404,0.562563,0.551878,0.477839,0.506745,0.449052,0.214626,0.554863,0.588488,0.569628,0.670923,0.638984,0.652932,0.625747,0.602595,0.566886,0.632352,0.516953,0.513553,0.519982,0.707069,0.71497,0.699248,0.589784,0.565887,0.612946,0.622848,0.631491,0.614699,0.794326,0.502281,0.515446,0.489619,0.505982,0.529488,0.483196,0.513586,0.516584,0.51065,0.580802,0.587406,0.574177,0.59814,0.552861,0.629345
SPN01_MRC_0006_01,0.422082,0.406918,0.437333,0.538435,0.526622,0.549172,0.402495,0.567757,0.598636,0.547994,0.540551,0.555955,0.527924,0.560676,0.494921,0.476352,0.474654,0.477992,0.526705,0.548212,0.503647,0.428022,0.423797,0.432229,0.0969284,0.531411,0.460135,0.500114,0.643696,0.595637,0.603786,0.587903,0.497394,0.49412,0.500123,0.450698,0.441461,0.458926,0.674711,0.683617,0.665895,0.560319,0.563531,0.557205,0.559554,0.583112,0.537342,0.605272,0.55075,0.569183,0.533019,0.482198,0.467199,0.496737,0.478711,0.481417,0.476062,0.477184,0.490468,0.463859,0.485871,0.471617,0.495695
SPN01_MRC_P001_01,0.433895,0.428878,0.43894,0.561195,0.561746,0.560694,0.408892,0.617122,0.662165,0.551968,0.608779,0.491197,0.452562,0.436452,0.468796,0.471725,0.483381,0.460468,0.53181,0.537418,0.525813,0.422572,0.417805,0.427319,0.173724,0.494243,0.462382,0.480253,0.659187,0.61298,0.622725,0.603732,0.48999,0.469852,0.506772,0.485903,0.500504,0.472896,0.678153,0.684462,0.671908,0.590042,0.567099,0.61228,0.587922,0.608028,0.568965,0.726373,0.507001,0.537655,0.477516,0.471165,0.491371,0.451577,0.508969,0.507778,0.510135,0.532978,0.543224,0.5227,0.537115,0.509661,0.556036
SPN01_ZHH_P003_01,0.502214,0.502918,0.501506,0.616384,0.623623,0.609803,0.461194,0.638862,0.697676,0.628483,0.659407,0.595405,0.544645,0.52104,0.568431,0.513774,0.51367,0.513874,0.623198,0.629102,0.616875,0.502466,0.525143,0.479883,0.196759,0.573819,0.586938,0.579579,0.685912,0.671031,0.674801,0.667453,0.598861,0.571897,0.62133,0.521071,0.531645,0.511652,0.743196,0.736395,0.749928,0.609725,0.588821,0.629986,0.640566,0.650571,0.631132,0.787765,0.523019,0.517122,0.528692,0.532922,0.543268,0.522892,0.542938,0.536612,0.549131,0.582965,0.590254,0.575653,0.581276,0.567673,0.590651
SPN01_ZHH_0011_01,0.471767,0.477047,0.466457,0.547728,0.545996,0.549303,0.439331,0.687023,0.710626,0.595177,0.62306,0.56535,0.540681,0.527203,0.554263,0.484913,0.482909,0.486848,0.584893,0.581971,0.588023,0.472401,0.456538,0.488198,0.555603,0.568305,0.594633,0.579865,0.695406,0.609113,0.609543,0.608705,0.537269,0.54597,0.530019,0.484308,0.485225,0.483491,0.685343,0.680242,0.690393,0.595257,0.590388,0.599977,0.580624,0.586489,0.575095,0.75511,0.500033,0.488512,0.511114,0.513586,0.520047,0.507323,0.501178,0.492851,0.509331,0.553052,0.552808,0.553297,0.569467,0.553734,0.58031
SPN01_CMH_0009_01,0.414327,0.426657,0.401925,0.541299,0.552298,0.531301,0.410534,0.644374,0.669529,0.562258,0.579138,0.544202,0.507018,0.497424,0.516685,0.438545,0.441825,0.435378,0.497663,0.506699,0.487986,0.426074,0.431847,0.420325,0.481759,0.519903,0.529557,0.524142,0.62563,0.595212,0.605882,0.585086,0.471207,0.483901,0.460628,0.463643,0.45495,0.471387,0.650404,0.661385,0.639534,0.547666,0.548828,0.546539,0.584145,0.591444,0.577263,0.738905,0.452841,0.452774,0.452906,0.491833,0.505939,0.478159,0.457009,0.454435,0.459529,0.528935,0.526138,0.53174,0.441434,0.424686,0.452976
SPN01_ZHH_0025_01,0.487708,0.491415,0.48398,0.623033,0.634709,0.612419,0.45194,0.631489,0.686131,0.587716,0.60334,0.571003,0.552147,0.500272,0.604419,0.520988,0.526687,0.515485,0.611112,0.602506,0.620328,0.477589,0.475757,0.479413,0.251386,0.552371,0.593375,0.570376,0.696647,0.680111,0.681986,0.678331,0.528199,0.54823,0.511506,0.513602,0.517833,0.509833,0.749965,0.747864,0.752045,0.612337,0.612249,0.612422,0.65484,0.648683,0.660646,0.75281,0.562294,0.57172,0.553228,0.506073,0.502427,0.509607,0.531467,0.527931,0.534929,0.557109,0.541816,0.572449,0.635106,0.595628,0.662313
SPN01_ZHH_0004_01,0.446506,0.44654,0.446472,0.573433,0.570021,0.576535,0.435418,0.642802,0.686484,0.58397,0.617019,0.548618,0.520771,0.523002,0.518523,0.46048,0.457487,0.46337,0.595518,0.589439,0.602029,0.45654,0.450701,0.462354,0.488539,0.534457,0.583072,0.555804,0.662995,0.617694,0.601734,0.632841,0.503147,0.499184,0.50645,0.455747,0.453495,0.457753,0.664234,0.655147,0.673229,0.568148,0.522805,0.612098,0.607151,0.568179,0.643896,0.765101,0.478667,0.472082,0.485,0.527223,0.520042,0.534185,0.501422,0.490177,0.512432,0.531497,0.511027,0.55203,0.500429,0.455508,0.531388
SPN01_MRC_0005_01,0.381433,0.382517,0.380342,0.550949,0.556688,0.545733,0.391204,0.5755,0.621538,0.495082,0.518085,0.470476,0.547223,0.541914,0.552573,0.432412,0.439401,0.425662,0.501712,0.507802,0.495142,0.429137,0.431157,0.427126,0.297098,0.476003,0.451208,0.465116,0.614407,0.584757,0.589303,0.580443,0.527308,0.513949,0.538441,0.454952,0.449493,0.459814,0.646206,0.643026,0.649353,0.54185,0.540727,0.542939,0.545972,0.556262,0.53627,0.690407,0.478173,0.499914,0.457261,0.465305,0.461209,0.469276,0.467787,0.473348,0.462343,0.501368,0.504179,0.498548,0.521454,0.501196,0.535415
SPN01_CMH_0015_01,0.441004,0.438821,0.4432,0.555373,0.574061,0.538387,0.431066,0.651253,0.693434,0.566676,0.598273,0.532877,0.550986,0.495667,0.606729,0.462893,0.465148,0.460716,0.551176,0.53231,0.571381,0.447555,0.458594,0.436561,0.516675,0.589102,0.619842,0.6026,0.665053,0.593056,0.596942,0.589368,0.477163,0.466584,0.485978,0.462454,0.454438,0.469594,0.640554,0.646019,0.635144,0.593641,0.568901,0.617621,0.574736,0.559914,0.588712,0.773871,0.487776,0.500801,0.475247,0.466967,0.490487,0.444166,0.510071,0.506302,0.513762,0.57548,0.571757,0.579215,0.550108,0.534634,0.560773
SPN01_MRC_0024_01,0.452386,0.438247,0.466606,0.54095,0.534584,0.546737,0.412251,0.630245,0.675085,0.565682,0.588587,0.54118,0.479032,0.484156,0.473869,0.451152,0.453427,0.448954,0.497411,0.520579,0.472598,0.419298,0.417429,0.421159,0.434369,0.501045,0.463568,0.484589,0.688191,0.563659,0.568983,0.558606,0.555718,0.472093,0.625406,0.438396,0.445066,0.432455,0.597207,0.592487,0.601879,0.575792,0.583871,0.567962,0.546774,0.574462,0.520669,0.72625,0.45636,0.47507,0.438363,0.491019,0.465444,0.515812,0.497205,0.505639,0.488947,0.518198,0.532462,0.503889,0.511354,0.451047,0.552917
SPN01_CMH_0011_01,0.452513,0.459489,0.445497,0.546361,0.545524,0.547121,0.443756,0.678409,0.708344,0.60169,0.623129,0.578757,0.537362,0.5442,0.530471,0.486589,0.491246,0.482092,0.575397,0.571766,0.579285,0.454406,0.45703,0.451792,0.528072,0.54195,0.570798,0.554617,0.687629,0.628602,0.633443,0.624007,0.537725,0.514676,0.556933,0.530279,0.53366,0.527267,0.701809,0.704211,0.699432,0.643918,0.643413,0.644407,0.624752,0.634443,0.615614,0.765885,0.50237,0.506746,0.498161,0.484685,0.470009,0.498911,0.531445,0.522647,0.540059,0.546221,0.543777,0.548673,0.611873,0.578315,0.635001
SPN01_MRC_0001_01,0.391871,0.388504,0.395257,0.500554,0.489707,0.510414,0.386474,0.612725,0.639851,0.530128,0.55122,0.507566,0.450024,0.471426,0.428459,0.422471,0.417793,0.426989,0.520404,0.514771,0.526437,0.390652,0.385109,0.396172,0.472133,0.497008,0.464636,0.482794,0.604174,0.545767,0.535996,0.55504,0.512462,0.535177,0.493532,0.419469,0.421029,0.41808,0.611384,0.598643,0.623996,0.523242,0.508529,0.537503,0.513548,0.505644,0.521,0.705407,0.45849,0.449925,0.466729,0.466202,0.452957,0.479042,0.442356,0.429828,0.454622,0.433714,0.427855,0.439592,0.542037,0.514192,0.561227
SPN01_CMH_0021_01,0.436731,0.425803,0.447723,0.556632,0.558979,0.554498,0.425223,0.63964,0.680207,0.58123,0.600836,0.560258,0.554895,0.544842,0.565026,0.466003,0.464647,0.467312,0.462113,0.473149,0.450139,0.432617,0.429273,0.435947,0.44213,0.566226,0.585515,0.574696,0.67984,0.60591,0.608556,0.603399,0.495913,0.509721,0.484406,0.472362,0.452612,0.489956,0.683661,0.687725,0.679638,0.601894,0.582704,0.620494,0.563399,0.561366,0.565316,0.736197,0.495683,0.515378,0.476739,0.512705,0.501469,0.523597,0.483482,0.47743,0.489407,0.545017,0.547995,0.542029,0.514186,0.467784,0.546165
SPN01_ZHH_0023_01,0.471255,0.466949,0.475586,0.550799,0.547391,0.553896,0.435352,0.653507,0.686582,0.590871,0.607262,0.573338,0.531959,0.501894,0.562254,0.467096,0.47015,0.464146,0.593835,0.597878,0.589505,0.442539,0.440104,0.444964,0.458886,0.522339,0.531452,0.52634,0.67135,0.613866,0.617416,0.610497,0.485627,0.482037,0.488619,0.453973,0.459108,0.449398,0.68853,0.688777,0.688285,0.575199,0.598076,0.553025,0.588936,0.599974,0.578529,0.744081,0.469199,0.479325,0.459459,0.472411,0.474553,0.470334,0.475441,0.479584,0.471384,0.533736,0.540485,0.526967,0.521156,0.489051,0.543282
SPN01_MRC_0007_01,0.420816,0.393295,0.448495,0.518031,0.518396,0.517699,0.384857,0.564367,0.625777,0.552674,0.587203,0.515738,0.49191,0.428818,0.555485,0.428004,0.420686,0.435071,0.496041,0.515328,0.475386,0.401149,0.398999,0.40329,0.317455,0.459472,0.423798,0.443808,0.620971,0.565021,0.574201,0.556309,0.506838,0.488272,0.522309,0.429153,0.428755,0.429507,0.63992,0.64686,0.63305,0.568096,0.560331,0.575622,0.523584,0.541097,0.507072,0.713906,0.435505,0.448228,0.423268,0.49911,0.475709,0.521795,0.463769,0.467659,0.459961,0.489442,0.484863,0.494035,0.475003,0.439912,0.499188
SPN01_ZHH_0032_01,0.445215,0.438799,0.451667,0.556116,0.560436,0.55219,0.43067,0.67933,0.706389,0.606987,0.616712,0.596585,0.575703,0.555708,0.595851,0.462091,0.460654,0.463479,0.588477,0.575177,0.602721,0.433029,0.434384,0.431679,0.496714,0.531733,0.528795,0.530443,0.678518,0.621907,0.626662,0.617393,0.473391,0.475931,0.471274,0.466359,0.468894,0.464101,0.696656,0.69939,0.69395,0.587853,0.564375,0.610609,0.599622,0.603795,0.595688,0.76566,0.478892,0.481735,0.476157,0.470478,0.472464,0.468553,0.483021,0.489612,0.476568,0.535974,0.522781,0.549207,0.574943,0.608857,0.551569
SPN01_CMH_0024_01,0.405232,0.400691,0.4098,0.545279,0.562509,0.529618,0.424474,0.652558,0.689625,0.595453,0.618088,0.571241,0.46718,0.460881,0.473527,0.453269,0.458995,0.447739,0.601036,0.592321,0.610369,0.461579,0.480097,0.443138,0.40403,0.498472,0.552111,0.522025,0.647006,0.61538,0.626028,0.605275,0.489386,0.49008,0.488807,0.478474,0.482782,0.474637,0.698929,0.703979,0.693929,0.584696,0.56165,0.607033,0.587008,0.594127,0.580295,0.774341,0.494336,0.514336,0.475099,0.493669,0.508746,0.479053,0.492338,0.488423,0.496172,0.535425,0.533876,0.536979,0.575854,0.560646,0.586335
SPN01_CMH_0007_01,0.445769,0.428178,0.463462,0.560837,0.576121,0.546945,0.432897,0.683799,0.706228,0.585982,0.615152,0.55478,0.492496,0.470829,0.514329,0.491915,0.483632,0.499915,0.51173,0.515586,0.5076,0.434368,0.446181,0.422604,0.474764,0.597919,0.579695,0.589917,0.671532,0.629209,0.636932,0.621879,0.463926,0.46238,0.465215,0.510289,0.489065,0.529196,0.712129,0.713851,0.710424,0.602206,0.607668,0.596912,0.599836,0.603604,0.596283,0.764557,0.534388,0.544814,0.524359,0.499974,0.514456,0.485936,0.484246,0.493024,0.475652,0.550348,0.569691,0.530945,0.596645,0.573762,0.612415
SPN01_ZHH_0029_01,0.473426,0.471492,0.475372,0.590934,0.58781,0.593774,0.450658,0.672198,0.713132,0.58034,0.605205,0.553742,0.585228,0.551098,0.61962,0.492099,0.491195,0.492973,0.617049,0.615248,0.618977,0.441168,0.443594,0.438752,0.504041,0.609867,0.676652,0.639192,0.706719,0.648065,0.645807,0.650209,0.486434,0.44427,0.521571,0.493227,0.476713,0.507937,0.730737,0.733799,0.727706,0.61828,0.598224,0.637719,0.607641,0.596224,0.618406,0.774423,0.512549,0.52109,0.504333,0.506145,0.499178,0.512899,0.513705,0.505914,0.521334,0.56707,0.564286,0.569863,0.535546,0.491679,0.565779
SPN01_ZHH_0028_01,0.507442,0.514227,0.500617,0.625981,0.628238,0.62393,0.464611,0.731969,0.750096,0.614046,0.626425,0.600805,0.621851,0.578437,0.665598,0.504718,0.505227,0.504227,0.564219,0.565568,0.562774,0.472914,0.479637,0.466219,0.51667,0.575404,0.577234,0.576208,0.733456,0.657744,0.657476,0.657998,0.561962,0.583866,0.543709,0.477142,0.490352,0.465375,0.704052,0.70043,0.707638,0.630213,0.609006,0.650768,0.634859,0.63419,0.635489,0.788189,0.515916,0.502253,0.529057,0.561109,0.568752,0.5537,0.542346,0.54563,0.53913,0.57213,0.565411,0.578869,0.55229,0.563,0.544908
SPN01_MRC_0021_01,0.434657,0.42686,0.442498,0.547429,0.540658,0.553584,0.399558,0.608512,0.657844,0.52269,0.557973,0.484948,0.477803,0.45899,0.496761,0.459412,0.45886,0.459945,0.510706,0.540829,0.478445,0.427771,0.425462,0.43007,0.283481,0.50126,0.4293,0.469663,0.645378,0.586339,0.590492,0.582398,0.511456,0.512918,0.510238,0.440311,0.436164,0.444006,0.660538,0.666594,0.654544,0.542681,0.533795,0.551293,0.537576,0.547287,0.528421,0.735471,0.497177,0.507006,0.487722,0.464689,0.458983,0.47022,0.489378,0.509354,0.469819,0.50104,0.518286,0.48374,0.520905,0.53779,0.509268
SPN01_MRC_0027_01,0.442532,0.437485,0.447608,0.497974,0.49371,0.50185,0.383544,0.648096,0.660699,0.513862,0.555601,0.469215,0.400379,0.411448,0.389226,0.435389,0.443732,0.427332,0.493034,0.509155,0.47577,0.378381,0.384783,0.372005,0.417594,0.478728,0.43279,0.458557,0.654734,0.540083,0.553042,0.527785,0.425494,0.413925,0.435135,0.424365,0.438853,0.41146,0.584578,0.589675,0.579533,0.579793,0.595166,0.564892,0.529793,0.567246,0.49448,0.682738,0.433047,0.453354,0.413514,0.457604,0.45023,0.464753,0.455157,0.468982,0.441621,0.476461,0.47609,0.476833,0.436978,0.388872,0.470132
SPN01_CMH_0012_01,0.447255,0.444091,0.450438,0.574859,0.577113,0.57281,0.442225,0.664708,0.696938,0.551355,0.579774,0.520956,0.554392,0.560397,0.548341,0.482327,0.481831,0.482805,0.582348,0.608026,0.554847,0.443327,0.447079,0.439591,0.512644,0.557041,0.580993,0.567558,0.676802,0.624062,0.624962,0.623208,0.504483,0.475271,0.528826,0.510135,0.50339,0.516144,0.699998,0.697281,0.702688,0.59213,0.583843,0.600163,0.583628,0.584391,0.582908,0.757171,0.507444,0.514591,0.50057,0.537731,0.539427,0.536087,0.511237,0.511587,0.510894,0.541676,0.54865,0.53468,0.571225,0.581726,0.563987
SPN01_CMH_0034_01,0.426574,0.43029,0.422836,0.514268,0.53857,0.492178,0.416431,0.648767,0.673054,0.578891,0.604059,0.551969,0.54105,0.511242,0.571087,0.450481,0.448411,0.45248,0.54432,0.536847,0.552323,0.457636,0.470822,0.444505,0.45731,0.538007,0.52435,0.53201,0.638159,0.590103,0.606162,0.574863,0.520018,0.528162,0.513231,0.457379,0.440944,0.47202,0.659338,0.669805,0.648977,0.563148,0.554352,0.571673,0.584501,0.595695,0.573947,0.734094,0.473841,0.472998,0.474651,0.464271,0.45448,0.473762,0.481511,0.474807,0.488075,0.541011,0.540845,0.541178,0.562043,0.53469,0.580895
SPN01_CMH_0005_01,0.428568,0.421189,0.435989,0.560181,0.57311,0.548428,0.424509,0.685088,0.70396,0.57097,0.589424,0.551229,0.583907,0.58658,0.581213,0.45102,0.444729,0.457095,0.54565,0.548749,0.542332,0.42789,0.431895,0.423902,0.481053,0.566369,0.581628,0.573069,0.661797,0.602895,0.609961,0.596188,0.494808,0.482323,0.505212,0.480095,0.467689,0.491147,0.672148,0.675976,0.668359,0.569818,0.568519,0.571078,0.56384,0.566167,0.561646,0.763332,0.461268,0.460434,0.46207,0.478373,0.475169,0.481478,0.492456,0.493119,0.491807,0.523042,0.532753,0.5133,0.553852,0.547546,0.558198
SPN01_CMH_0029_01,0.452704,0.481621,0.423621,0.525778,0.533098,0.519125,0.442863,0.682477,0.701992,0.60363,0.635393,0.569654,0.569407,0.556252,0.582663,0.473929,0.490098,0.458313,0.597704,0.577388,0.619462,0.445487,0.449418,0.441572,0.502165,0.568757,0.556929,0.563563,0.675013,0.607596,0.609571,0.605722,0.549841,0.496467,0.594319,0.498293,0.501011,0.495872,0.683329,0.687292,0.679406,0.637942,0.616218,0.658999,0.600323,0.590779,0.609322,0.750197,0.485231,0.494439,0.476375,0.475828,0.503556,0.448949,0.521175,0.531339,0.511224,0.548996,0.540849,0.557168,0.599522,0.579732,0.613161
SPN01_ZHH_0014_01,0.409617,0.410046,0.409185,0.560416,0.55463,0.565675,0.408252,0.596003,0.655525,0.559681,0.567186,0.551654,0.509069,0.483631,0.534702,0.43327,0.432662,0.433857,0.497102,0.508585,0.484805,0.414084,0.416455,0.411723,0.396369,0.483768,0.514262,0.497158,0.640143,0.583349,0.569981,0.596036,0.545977,0.521965,0.565987,0.419943,0.412137,0.426896,0.635782,0.618787,0.652605,0.533535,0.508923,0.55739,0.544286,0.525824,0.561693,0.749455,0.466806,0.468918,0.464775,0.448964,0.426831,0.470419,0.459476,0.445796,0.47287,0.479969,0.483827,0.476099,0.499165,0.462344,0.524542
SPN01_MRC_0022_01,0.431763,0.432198,0.431325,0.538957,0.536791,0.540925,0.410912,0.648853,0.669622,0.571278,0.596458,0.544343,0.468307,0.46959,0.467015,0.446798,0.45097,0.442769,0.482625,0.488519,0.476313,0.404367,0.410318,0.398441,0.4469,0.526193,0.493981,0.512049,0.66031,0.556262,0.564965,0.548002,0.518078,0.487954,0.543181,0.445915,0.45363,0.439043,0.596657,0.59674,0.596575,0.537724,0.529361,0.54583,0.5258,0.55422,0.499004,0.705528,0.46419,0.471274,0.457376,0.469686,0.458941,0.480102,0.481218,0.495351,0.46738,0.51281,0.525691,0.499889,0.509803,0.5349,0.492506
SPN01_ZHH_0009_01,0.513999,0.517144,0.510835,0.605757,0.618613,0.594072,0.447206,0.649829,0.70355,0.595792,0.626641,0.562793,0.518847,0.515603,0.522116,0.505814,0.502627,0.508893,0.570766,0.558135,0.584293,0.45667,0.463529,0.44984,0.50029,0.602427,0.584452,0.594534,0.726388,0.652344,0.650951,0.653665,0.538321,0.562883,0.517853,0.477208,0.459885,0.492639,0.720977,0.713067,0.728808,0.617696,0.592292,0.642319,0.617932,0.607429,0.627834,0.759186,0.511394,0.507148,0.515478,0.529584,0.547717,0.512006,0.52915,0.535478,0.522954,0.570907,0.571544,0.570268,0.579827,0.554627,0.597194
SPN01_CMH_0002_01,0.401999,0.411094,0.392851,0.539499,0.564719,0.516574,0.418822,0.607587,0.65367,0.495295,0.527836,0.460487,0.478102,0.451653,0.504754,0.443939,0.442998,0.444848,0.568097,0.549851,0.587638,0.450112,0.474328,0.425996,0.471485,0.535975,0.541602,0.538446,0.628669,0.605383,0.619778,0.591722,0.481356,0.522259,0.447271,0.466167,0.456252,0.475,0.689494,0.695272,0.683774,0.547947,0.558317,0.537896,0.572088,0.582487,0.562283,0.736783,0.47968,0.473163,0.485949,0.478062,0.508178,0.448868,0.486206,0.492018,0.480516,0.537355,0.54551,0.529175,0.470425,0.475376,0.467013
SPN01_CMH_0023_01,0.429224,0.425749,0.432719,0.564829,0.573748,0.556722,0.441675,0.675257,0.699574,0.549544,0.56947,0.52823,0.560248,0.562338,0.558142,0.478082,0.47737,0.47877,0.616799,0.628545,0.604219,0.445928,0.458472,0.433435,0.456011,0.591706,0.589226,0.590617,0.67014,0.629081,0.63857,0.620075,0.512246,0.501904,0.520865,0.512255,0.511778,0.512679,0.701399,0.704781,0.698052,0.622115,0.627079,0.617303,0.608127,0.622237,0.594824,0.756319,0.515437,0.519734,0.511304,0.476962,0.493954,0.46049,0.494098,0.507389,0.481085,0.568628,0.57727,0.55996,0.574164,0.540668,0.597249
SPN01_MRC_0009_01,0.405883,0.410163,0.401578,0.528667,0.52337,0.533482,0.406396,0.662172,0.691875,0.536863,0.564886,0.506887,0.461846,0.465093,0.458575,0.446811,0.452145,0.441659,0.546984,0.542088,0.552228,0.41203,0.415254,0.40882,0.509185,0.50357,0.495023,0.499817,0.674387,0.563936,0.5794,0.54926,0.49102,0.479354,0.500741,0.468111,0.462829,0.472816,0.631607,0.648532,0.614852,0.564378,0.549552,0.578748,0.519244,0.550809,0.489483,0.746534,0.481891,0.495197,0.469093,0.461972,0.441505,0.481812,0.468915,0.468977,0.468854,0.504912,0.513621,0.496177,0.584742,0.536409,0.618052
SPN01_MRC_P002_01,0.474959,0.455308,0.494723,0.575887,0.571023,0.580309,0.434503,0.670094,0.703196,0.559365,0.597792,0.518261,0.521507,0.536266,0.506634,0.495889,0.486036,0.505404,0.605088,0.58948,0.621804,0.413414,0.408363,0.418444,0.495421,0.561895,0.511844,0.539918,0.686535,0.609304,0.621829,0.597417,0.442878,0.419235,0.46258,0.504253,0.477698,0.527908,0.663216,0.670742,0.655765,0.596764,0.592296,0.601094,0.579067,0.612656,0.547398,0.761867,0.515137,0.525579,0.505093,0.510824,0.477527,0.543102,0.520214,0.528892,0.511718,0.536937,0.545661,0.528186,0.535807,0.463111,0.585909
SPN01_MRC_P003_01,0.465745,0.46399,0.467511,0.573856,0.582555,0.565948,0.426556,0.641569,0.695864,0.605259,0.645596,0.56211,0.5528,0.548665,0.556966,0.484682,0.488763,0.480741,0.574468,0.580464,0.568065,0.467352,0.485565,0.449214,0.175012,0.515177,0.517608,0.516244,0.684044,0.607057,0.620872,0.593945,0.580569,0.562921,0.595276,0.49495,0.501877,0.48878,0.662453,0.669371,0.655604,0.575462,0.544029,0.605929,0.574841,0.599834,0.551277,0.779791,0.5007,0.510783,0.491001,0.514267,0.535316,0.493862,0.516528,0.514203,0.518804,0.541008,0.539244,0.542777,0.567193,0.532872,0.590847
SPN01_ZHH_0002_01,0.513784,0.516446,0.511107,0.612502,0.63005,0.596551,0.461063,0.658633,0.709821,0.637839,0.670902,0.602472,0.569525,0.589422,0.549475,0.532294,0.532992,0.53162,0.559141,0.550335,0.568571,0.473895,0.482513,0.465313,0.410686,0.520197,0.541488,0.529546,0.700351,0.673936,0.678923,0.669203,0.55394,0.581992,0.530563,0.525378,0.524004,0.526602,0.745031,0.746022,0.74405,0.66129,0.635713,0.686081,0.651592,0.645717,0.657131,0.787618,0.55672,0.55652,0.556912,0.557376,0.58406,0.531508,0.546541,0.540831,0.552131,0.590623,0.578255,0.603029,0.63125,0.626425,0.634575
